R-,Date,Docket,Name,Revised,J.,Pt.,affirmed,remanded,vacate,reversed,none detected,affirmed in part,remanded in part,vacated in part,reversed in part
5,12/10/21,21-588 (21A85),United States v. Texas, ,PC,595/1,no,no,no,no,yes,no,no,no,no
4,12/10/21,21-463,Whole Woman’s Health v. Jackson,12/10/21,NG,595/1,no,no,no,no,yes,no,no,no,no
3,11/22/21,"143, Orig.",Mississippi v. Tennessee, ,R,595/1,no,no,no,no,yes,no,no,no,no
2,10/18/21,20-1668,City of Tahlequah v. Bond,10/22/21,PC,595/1,no,no,no,no,yes,no,no,no,no
1,10/18/21,20-1539,Rivas-Villegas v. Cortesluna, ,PC,595/1,no,no,no,no,yes,no,no,no,no
68,8/26/21,21A23,Alabama Assn. of Realtors v. Department of Health and Human Servs., ,PC,594/2,no,no,no,no,yes,no,no,no,no
67,7/02/21,20-1084,Dunn v. Reeves, ,PC,594/2,no,no,no,no,yes,no,no,no,no
66,7/01/21,19-1257,Brnovich v. Democratic National Committee,7/23/21,A,594/2,no,yes,no,yes,no,no,no,no,no
65,7/01/21,19-251,Americans for Prosperity Foundation v. Bonta, ,R,594/2,no,yes,no,yes,no,no,no,no,no
64,6/29/21,20-440,"Minerva Surgical, Inc. v. Hologic, Inc.", ,EK,594/2,no,yes,yes,no,no,no,no,no,no
63,6/29/21,19-897,Johnson v. Guzman Chavez, ,A,594/2,no,yes,no,yes,no,no,no,no,no
62,6/29/21,19-1039,PennEast Pipeline Co. v. New Jersey, ,R,594/2,no,yes,yes,yes,no,no,no,no,no
61,6/28/21,20-1212,Pakdel v. City and County of San Francisco, ,PC,594/2,no,no,no,no,yes,no,no,no,no
60,6/28/21,20-391,Lombardo v. St. Louis, ,PC,594/2,no,no,yes,no,no,no,no,no,no
59,6/25/21,20-297,TransUnion LLC v. Ramirez, ,BK,594/2,no,yes,no,yes,no,no,no,no,no
58,6/25/21,20-472,"HollyFrontier Cheyenne Refining, LLC v. Renewable Fuels Assn.", ,NG,594/2,no,no,no,yes,no,no,no,no,no
57,6/25/21,20-543,Yellen v. Confederated Tribes of Chehalis Reservation,7/28/21,SS,594/2,no,yes,no,yes,no,no,no,no,no
56,6/23/21,20-18,Lange v. California,6/24/21,EK,594/1,no,no,no,no,yes,no,no,no,no
55,6/23/21,19-422,Collins v. Yellen,7/28/21,A,594/1,yes,yes,no,no,no,yes,no,yes,yes
54,6/23/21,20-255,Mahanoy Area School Dist. v. B. L., ,B,594/1,yes,no,no,no,no,no,no,no,no
53,6/23/21,20-107,Cedar Point Nursery v. Hassid, ,R,594/1,no,yes,no,yes,no,no,no,no,no
52,6/21/21,20-222,"Goldman Sachs Group, Inc. v. Arkansas Teacher Retirement System", ,AB,594/1,no,yes,yes,no,no,no,no,yes,no
51,6/21/21,20-512,National Collegiate Athletic Assn. v. Alston,6/23/21,NG,594/1,yes,no,no,no,no,no,no,no,no
50,6/21/21,19-1434,"United States v. Arthrex, Inc.",7/08/21,R,594/1,no,yes,yes,no,no,no,no,no,no
49,6/17/21,19-840,California v. Texas,7/08/21,B,593/2,no,no,no,no,yes,no,no,no,no
48,6/17/21,19-416,"Nestlé USA, Inc. v. Doe", ,T,593/2,no,no,yes,no,no,no,no,no,no
47,6/17/21,19-123,Fulton v. Philadelphia,07/08/2107/16/2108/17/21,R,593/2,no,yes,no,yes,no,no,no,no,no
46,6/14/21,19-8709,Greer v. United States, ,BK,593/2,yes,no,yes,no,no,no,no,no,no
45,6/14/21,20-5904,Terry v. United States, ,T,593/2,yes,no,no,no,no,no,no,no,no
44,6/10/21,19-5410,Borden v. United States, ,EK,593/2,no,no,yes,no,no,no,no,no,no
43,6/07/21,20-315,Sanchez v. Mayorkas, ,EK,593/2,yes,no,no,no,no,no,no,no,no
42,6/03/21,19-783,Van Buren v. United States, ,AB,593/2,no,yes,no,yes,no,no,no,no,no
41,6/01/21,19-1155,Garland v. Ming Dai,6/01/21,NG,593/2,no,no,no,no,yes,no,no,no,no
40,6/01/21,19-1414,United States v. Cooley, ,B,593/2,no,yes,yes,no,no,no,no,no,no
39,5/27/21,20-334,"San Antonio v. Hotels.com, L. P.", ,A,593/2,yes,no,no,no,no,no,no,no,no
38,5/24/21,20-437,United States v. Palomar-Santiago,6/01/21,SS,593/2,yes,no,no,no,no,no,no,no,no
37,5/24/21,20-382,Guam v. United States, ,T,593/2,no,no,no,no,yes,no,no,no,no
36,5/17/21,19-5807,Edwards v. Vannoy,5/19/21,BK,593/1,no,no,no,no,yes,no,no,no,no
35,5/17/21,19-1189,BP p.l.c. v. Mayor and City Council of Baltimore, ,NG,593/1,yes,yes,yes,no,no,no,no,no,no
34,5/17/21,19-930,"CIC Servs., LLC v. IRS", ,EK,593/1,no,yes,no,yes,no,no,no,no,no
33,5/17/21,20-157,Caniglia v. Strom, ,T,593/1,no,yes,yes,no,no,no,no,no,no
32,4/29/21,19-863,Niz-Chavez v. Garland,4/30/21,NG,593/1,no,no,no,no,yes,no,no,no,no
31,4/26/21,20-940,Alaska v. Wright, ,PC,593/1,no,no,no,no,yes,no,no,no,no
30,4/22/21,18-1259,Jones v. Mississippi, ,BK,593/1,no,no,no,no,yes,no,no,no,no
29,4/22/21,19-1442,Carr v. Saul, ,SS,593/1,no,yes,no,yes,no,no,no,no,no
28,4/22/21,19-508,"AMG Capital Management, LLC v. FTC", ,B,593/1,no,yes,no,yes,no,no,no,no,no
27,4/09/21,20A151,Tandon v. Newsom, ,PC,593/1,no,no,no,no,yes,no,no,no,no
26,4/05/21,18-956,"Google LLC v. Oracle America, Inc.",04/06/2105/03/2107/08/21,B,593/1,no,yes,no,yes,no,no,no,no,no
25,4/01/21,"142, Orig.",Florida v. Georgia, ,AB,592/2,no,no,no,no,yes,no,no,no,no
24,4/01/21,19-1231,FCC v. Prometheus Radio Project, ,BK,592/2,no,no,yes,yes,no,no,no,no,no
23,4/01/21,19-511,"Facebook, Inc. v. Duguid", ,SS,592/2,no,yes,no,yes,no,no,no,no,no
22,3/29/21,20-507,Mays v. Hines, ,PC,592/2,no,no,no,no,yes,no,no,no,no
21,3/25/21,19-368,Ford Motor Co. v. Montana Eighth Judicial Dist., ,EK,592/2,no,no,no,no,yes,no,no,no,no
20,3/25/21,19-292,Torres v. Madrid, ,R,592/2,yes,no,no,no,no,no,no,no,no
19,3/08/21,19-968,Uzuegbunam v. Preczewski, ,T,592/2,no,no,no,no,yes,no,no,no,no
18,3/04/21,19-547,"United States Fish and Wildlife Serv. v. Sierra Club, Inc.",03/09/21 07/08/21,AB,592/2,no,yes,no,yes,no,no,no,no,no
17,3/04/21,19-438,Pereida v. Wilkinson, ,NG,592/2,yes,no,no,no,no,no,no,no,no
16,2/25/21,19-546,Brownback v. King, ,T,592/2,no,no,no,yes,no,no,no,no,no
15,2/03/21,18-1447,Republic of Hungary v. Simon, ,PC,592/1,no,no,no,no,yes,no,no,no,no
14,2/03/21,19-199,Salinas v. Railroad Retirement Bd., ,SS,592/1,yes,no,no,no,no,no,no,no,no
13,2/03/21,19-351,Federal Republic of Germany v. Philipp, ,R,592/1,no,no,no,no,yes,no,no,no,no
12,1/25/21,19-963,"Henry Schein, Inc. v. Archer & White Sales, Inc.", ,PC,592/1,no,yes,yes,no,no,no,no,no,no
11,1/14/21,19-357,Chicago v. Fulton, ,A,592/1,no,yes,yes,no,no,no,no,no,no
10,12/18/20,20-366,Trump v. New York, ,PC,592/1,no,no,no,no,yes,no,no,no,no
9,12/14/20,19-1302,Shinn v. Kayer,7/08/21,PC,592/1,no,no,no,no,yes,no,no,no,no
8,12/14/20,"65, Orig.",Texas v. New Mexico, ,BK,592/1,no,no,no,no,yes,no,no,no,no
7,12/10/20,18-540,Rutledge v. Pharmaceutical Care Management Assn., ,SS,592/1,no,yes,no,yes,no,no,no,no,no
6,12/10/20,19-108,United States v. Briggs, ,A,592/1,no,no,no,no,yes,no,no,no,no
5,12/10/20,19-309,Carney v. Adams, ,B,592/1,no,no,no,no,yes,no,no,no,no
4,12/10/20,19-71,Tanzin v. Tanvir, ,T,592/1,yes,no,no,no,no,no,no,no,no
3,11/25/20,20A87,Roman Catholic Diocese of Brooklyn v. Cuomo, ,PC,592/1,no,no,no,no,yes,no,no,no,no
1,11/02/20,19-1261,Taylor v. Riojas, ,PC,592/1,no,no,no,no,yes,no,no,no,no
1,11/02/20,19-1108,Mckesson v. Doe, ,PC,592/1,no,no,no,no,yes,no,no,no,no
63,7/14/20,20A8,Barr v. Lee, ,PC,591/2,no,no,no,no,yes,no,no,no,no
62,7/09/20,17-1107,Sharp v. Murphy, ,PC,591/2,no,no,no,no,yes,no,no,no,no
61,7/09/20,18-9526,McGirt v. Oklahoma, ,NG,591/2,no,no,no,no,yes,no,no,no,no
60,7/09/20,19-715,"Trump v. Mazars USA, LLP", ,R,591/2,yes,yes,yes,no,no,no,no,no,no
59,7/09/20,19-635,Trump v. Vance, ,R,591/2,yes,yes,no,no,no,no,no,no,no
58,7/08/20,19-267,Our Lady of Guadalupe School v. Morrissey-Berru, ,A,591/2,no,no,no,yes,no,no,no,no,no
57,7/08/20,19-431,Little Sisters of the Poor Saints Peter and Paul Home v. Pennsylvania, ,T,591/2,yes,yes,yes,yes,no,no,no,no,no
56,7/06/20,19-518,Colorado Dept. of State v. Baca, ,PC,591/2,no,no,no,no,yes,no,no,no,no
55,7/06/20,19-631,"Barr v. American Assn. of Political Consultants, Inc.", ,BK,591/2,yes,no,no,no,no,no,no,no,no
54,7/06/20,19-465,Chiafalo v. Washington, ,EK,591/2,no,no,no,no,yes,no,no,no,no
53,6/30/20,19-46,Patent and Trademark Office v. Booking.com B. V., ,G,591/2,yes,no,no,no,no,no,no,yes,no
52,6/30/20,18-1195,Espinoza v. Montana Dept. of Revenue, ,R,591/2,no,yes,no,no,no,no,no,no,no
51,6/29/20,19-177,Agency for Int’l Development v. Alliance for Open Society, ,BK,591/1,yes,no,no,yes,no,no,no,no,no
50,6/29/20,18-1323,June Medical Services L. L. C. v. Russo, ,B,591/1,no,yes,no,yes,no,no,no,no,no
49,6/29/20,19-7,Seila Law LLC v. Consumer Financial Protection Bureau,7/08/20,R,591/1,no,yes,yes,no,no,no,no,no,no
48,6/25/20,19-161,Department of Homeland Security v. Thuraissigiam, ,A,591/1,no,yes,no,yes,no,no,no,no,no
47,6/22/20,18-1501,Liu v. SEC, ,SS,591/1,yes,no,no,no,no,no,no,no,no
46,6/18/20,18-587,Department of Homeland Security v. Regents of Univ. of Cal., ,R,591/1,yes,yes,no,no,no,yes,no,yes,yes
45,6/15/20,18-9674,Andrus v. Texas, ,PC,590/2,no,no,no,no,yes,no,no,no,no
44,6/15/20,17-1618,Bostock v. Clayton County, ,NG,590/2,yes,yes,yes,yes,no,no,no,no,no
43,6/15/20,18-1584,United States Forest Service v. Cowpasture River Preservation Assn., ,T,590/2,no,yes,no,yes,no,no,no,no,no
42,6/08/20,18-8369,Lomax v. Ortiz-Marquez, ,EK,590/2,no,no,no,no,yes,no,no,no,no
41,6/01/20,18-1432,Nasrallah v. Barr, ,BK,590/2,no,no,no,no,yes,no,no,no,no
40,6/01/20,17-1712,Thole v. U. S. Bank N. A., ,BK,590/2,yes,no,no,no,no,no,no,no,no
39,6/01/20,18-6943,Banister v. Davis, ,EK,590/2,no,no,no,no,yes,no,no,no,no
38,6/01/20,18-1334,"Financial Oversight and Management Bd. for Puerto Rico v. Aurelius Investment, LLC",6/05/206/08/20,B,590/2,no,yes,no,yes,no,no,no,no,no
37,6/01/20,18-1048,"GE Energy Power Conversion France SAS v. Outokumpu Stainless USA, LLC", ,T,590/2,no,yes,no,yes,no,no,no,no,no
36,5/18/20,17-1268,Opati v. Republic of Sudan, ,NG,590/1,no,yes,yes,no,no,no,no,no,no
35,5/14/20,18-1086,"Lucky Brand Dungarees, Inc. v. Marcel Fashions Group, Inc.",5/19/20,SS,590/1,no,yes,no,yes,no,no,no,no,no
34,5/07/20,18-1059,Kelly v. United States, ,EK,590/1,yes,yes,no,yes,no,no,no,no,no
33,5/07/20,19-67,United States v. Sineneng-Smith, ,G,590/1,no,yes,yes,no,no,no,no,no,no
32,4/27/20,18-280,"New York State Rifle & Pistol Assn., Inc. v. City of New York", ,PC,590/1,yes,no,no,no,no,no,no,no,no
31,4/27/20,18-1023,Maine Community Health Options v. United States, ,SS,590/1,no,no,no,no,yes,no,no,no,no
30,4/27/20,18-1150,"Georgia v. Public Resource.Org, Inc.",4/28/20,R,590/1,yes,no,no,no,no,no,no,no,no
29,4/23/20,18-725,Barton v. Barr, ,BK,590/1,yes,no,no,no,no,no,no,no,no
28,4/23/20,18-1233,"Romag Fasteners, Inc. v. Fossil Group, Inc.", ,NG,590/1,no,no,no,no,yes,no,no,no,no
27,4/23/20,18-260,County of Maui v. Hawaii Wildlife Fund, ,B,590/1,no,yes,yes,no,no,yes,no,no,no
26,4/20/20,18-5924,Ramos v. Louisiana, ,NG,590/1,no,no,no,no,yes,no,no,no,no
25,4/20/20,18-916,"Thryv, Inc. v. Click-To-Call Technologies, LP",4/28/20,G,590/1,no,yes,yes,no,no,no,no,no,no
24,4/20/20,17-1498,Atlantic Richfield Co. v. Christian, ,R,590/1,no,no,no,no,yes,no,no,no,no
23,4/06/20,19A1016,Republican National Committee v. Democratic National Committee, ,PC,589/2,no,no,no,no,yes,no,no,no,no
22,4/06/20,18-882,Babb v. Wilkie, ,A,589/2,no,no,no,no,yes,no,no,no,no
21,4/06/20,18-556,Kansas v. Glover, ,T,589/2,no,no,no,no,yes,no,no,no,no
20,3/30/20,18-565,CITGO Asphalt Refining Co. v. Frescati Shipping Co., ,SS,589/2,yes,no,no,no,no,no,no,no,no
19,3/23/20,19-5421,Davis v. United States, ,PC,589/2,no,no,no,no,yes,no,no,no,no
18,3/23/20,18-1171,Comcast Corp. v. National Assn. of African-American Owned Media, ,NG,589/2,no,no,no,no,yes,no,no,no,no
17,3/23/20,18-6135,Kahler v. Kansas, ,EK,589/2,no,no,no,no,yes,no,no,no,no
16,3/23/20,18-877,Allen v. Cooper, ,EK,589/2,yes,no,no,no,no,no,no,no,no
15,3/23/20,18-776,Guerrero-Lasprilla v. Barr, ,B,589/2,no,no,no,no,yes,no,no,no,no
14,3/03/20,17-834,Kansas v. Garcia, ,A,589/2,no,no,no,no,yes,no,no,no,no
13,2/26/20,18-1116,Intel Corp. Investment Policy Comm. v. Sulyma, ,A,589/2,yes,no,no,yes,no,no,no,no,no
12,2/26/20,18-7739,Holguin-Hernandez v. United States, ,B,589/2,yes,no,no,no,no,no,no,no,no
11,2/26/20,18-6662,Shular v. United States, ,G,589/2,yes,no,no,no,no,no,no,no,no
10,2/25/20,18-1109,McKinney v. Arizona, ,BK,589/1,no,yes,yes,no,no,no,no,no,no
9,2/25/20,18-1269,Rodriguez v. FDIC, ,NG,589/1,no,yes,yes,no,no,no,no,no,no
8,2/25/20,17-1678,Hernández v. Mesa, ,A,589/1,yes,yes,yes,no,no,no,no,no,no
7,2/25/20,18-935,Monasky v. Taglieri,2/26/20,G,589/1,yes,yes,no,no,no,no,no,no,no
6,2/24/20,18-921,Roman Catholic Archdiocese of San Juan v. Acevedo Feliciano, ,PC,589/1,no,no,no,no,yes,no,no,no,no
5,1/14/20,18-1165,Retirement Plans Comm. of IBM v. Jander, ,PC,589/1,no,no,no,no,yes,no,no,no,no
4,1/14/20,18-938,"Ritzen Group, Inc. v. Jackson Masonry, LLC", ,G,589/1,yes,no,no,no,no,no,no,no,no
3,12/11/19,18-801,"Peter v. NantKwest, Inc.", ,SS,589/1,yes,no,no,no,no,no,no,no,no
2,12/10/19,18-328,Rotkiske v. Klemm, ,T,589/1,yes,no,no,no,no,no,no,no,no
1,11/25/19,19-122,Thompson v. Hebdon, ,PC,589/1,no,no,no,no,yes,no,no,no,no
73,6/27/19,18-6210,Mitchell v. Wisconsin, ,A,588/2,no,no,no,no,yes,no,no,no,no
72,6/27/19,18-966,Department of Commerce v. New York, ,R,588/2,no,no,no,no,yes,no,no,no,no
71,6/27/19,18-422,Rucho v. Common Cause, ,R,588/2,no,no,no,no,yes,no,no,no,no
70,6/26/19,17-1672,United States v. Haymond, ,NG,588/2,no,yes,yes,no,no,no,no,no,no
69,6/26/19,18-15,Kisor v. Wilkie, ,EK,588/2,no,yes,yes,no,no,no,no,no,no
68,6/26/19,18-96,Tennessee Wine and Spirits Retailers Assn. v. Thomas, ,A,588/2,yes,no,no,no,no,no,no,no,no
67,6/24/19,18-431,United States v. Davis, ,NG,588/2,no,yes,yes,no,no,yes,no,yes,no
66,6/24/19,18-481,Food Marketing Institute v. Argus Leader Media, ,NG,588/2,no,yes,no,yes,no,no,no,no,no
65,6/24/19,18-302,Iancu v. Brunetti, ,EK,588/2,yes,no,no,no,no,no,no,no,no
64,6/24/19,18-266,Dutra Group v. Batterton, ,A,588/2,no,yes,no,yes,no,no,no,no,no
63,6/21/19,17-9572,Flowers v. Mississippi, ,BK,588/1,no,no,no,no,yes,no,no,no,no
62,6/21/19,18-457,North Carolina Dept. of Revenue v. Kimberley Rice Kaestner 1992 Family Trust, ,SS,588/1,no,no,no,no,yes,no,no,no,no
61,6/21/19,17-9560,Rehaif v. United States,6/24/19,B,588/1,yes,yes,no,yes,no,no,no,no,no
60,6/21/19,17-647,Knick v. Township of Scott, ,R,588/1,no,yes,yes,no,no,no,no,no,no
59,6/20/19,17-6086,Gundy v. United States, ,EK,588/1,no,no,no,no,yes,no,no,no,no
58,6/20/19,18-485,McDonough v. Smith, ,SS,588/1,no,yes,no,yes,no,no,no,no,no
57,6/20/19,17-1717,American Legion v. American Humanist Assn., ,A,588/1,no,yes,no,yes,no,no,no,no,no
56,6/20/19,17-1705,"PDR Network, LLC v. Carlton Harris Chiropractic, Inc.", ,B,588/1,no,yes,yes,no,no,no,no,yes,no
55,6/17/19,17-1702,Manhattan Community Access Corp. v. Halleck, ,BK,587/2,no,yes,no,no,no,no,no,no,yes
54,6/17/19,16-1275,"Virginia Uranium, Inc. v. Warren", ,NG,587/2,yes,no,no,no,no,no,no,no,no
53,6/17/19,17-646,Gamble v. United States,7/19/19,A,587/2,no,no,no,no,yes,no,no,no,no
52,6/17/19,18-281,Virginia House of Delegates v. Bethune-Hill, ,G,587/2,no,no,no,no,yes,no,no,no,no
51,6/10/19,17-778,Quarles v. United States, ,BK,587/2,yes,no,no,no,no,no,no,no,no
50,6/10/19,17-1594,"Return Mail, Inc. v. Postal Service", ,SS,587/2,no,yes,no,yes,no,no,no,no,no
49,6/10/19,18-389,"Parker Drilling Management Services, Ltd. v. Newton", ,T,587/2,no,yes,yes,no,no,no,no,no,no
48,6/03/19,17-1484,Azar v. Allina Health Services, ,NG,587/2,yes,no,yes,yes,no,no,no,no,no
47,6/03/19,18-489,Taggart v. Lorenzen, ,B,587/2,yes,yes,yes,no,no,no,no,no,no
46,6/03/19,18-525,Fort Bend County v. Davis, ,G,587/2,yes,no,no,yes,no,no,no,no,no
45,6/03/19,17-8995,Mont v. United States,6/03/19,T,587/2,no,no,no,no,yes,no,no,no,no
44,5/28/19,18-483,"Box v. Planned Parenthood of Indiana and Kentucky, Inc.", ,PC,587/2,yes,no,no,no,no,no,no,no,no
43,5/28/19,17-1606,Smith v. Berryhill, ,SS,587/2,no,yes,no,yes,no,no,no,no,no
42,5/28/19,17-1471,"Home Depot U. S. A., Inc. v. Jackson", ,T,587/2,yes,no,no,no,no,no,no,no,no
41,5/28/19,17-1174,Nieves v. Bartlett, ,R,587/2,no,no,no,no,yes,no,no,no,no
40,5/20/19,17-1657,"Mission Product Holdings, Inc. v. Tempnology, LLC", ,EK,587/1,no,yes,no,yes,no,no,no,no,no
39,5/20/19,17-532,Herrera v. Wyoming, ,SS,587/1,no,no,no,yes,no,no,no,no,no
38,5/20/19,17-290,Merck Sharp & Dohme Corp. v. Albrecht, ,B,587/1,no,yes,yes,no,no,no,no,no,no
37,5/13/19,17-204,Apple Inc. v. Pepper, ,BK,587/1,yes,no,no,no,no,no,no,no,no
36,5/13/19,18-315,"Cochise Consultancy, Inc. v. United States ex rel. Hunt", ,T,587/1,yes,no,no,no,no,no,no,no,no
35,5/13/19,17-1299,Franchise Tax Bd. of Cal. v. Hyatt, ,T,587/1,no,no,no,no,yes,no,no,no,no
34,4/29/19,17-1201,Thacker v. TVA, ,EK,587/1,no,yes,no,yes,no,no,no,no,no
33,4/24/19,17-988,"Lamps Plus, Inc. v. Varela", ,R,587/1,no,no,no,no,yes,no,no,no,no
32,4/23/19,18-459,Emulex Corp. v. Varjabedian, ,PC,587/1,no,no,no,no,yes,no,no,no,no
31,4/01/19,17-8151,Bucklew v. Precythe,4/01/19,NG,587/1,yes,no,no,no,no,no,no,no,no
30,4/01/19,17-1184,Biestek v. Berryhill, ,EK,587/1,yes,no,no,no,no,no,no,no,no
29,3/27/19,17-1077,Lorenzo v. SEC, ,B,587/1,yes,no,no,no,no,no,no,no,no
28,3/26/19,17-949,Sturgeon v. Frost, ,EK,587/1,no,yes,yes,no,no,no,no,no,no
27,3/26/19,16-1094,Republic of Sudan v. Harrison, ,A,587/1,no,yes,no,yes,no,no,no,no,no
26,3/20/19,17-961,Frank v. Gaos, ,PC,586/2,no,no,no,no,yes,no,no,no,no
25,3/20/19,17-1307,Obduskey v. McCarthy & Holthus LLP, ,B,586/2,yes,no,no,no,no,no,no,no,no
24,3/19/19,17-1104,Air & Liquid Systems Corp. v. DeVries, ,BK,586/2,yes,yes,yes,no,no,no,no,no,no
23,3/19/19,16-1363,Nielsen v. Preap, ,A,586/2,no,no,no,no,yes,no,no,no,no
22,3/19/19,16-1498,"Washington State Dept. of Licensing v. Cougar Den, Inc.",3/29/19,B,586/2,no,no,no,no,yes,no,no,no,no
21,3/04/19,17-1625,"Rimini Street, Inc. v. Oracle USA, Inc.", ,BK,586/2,no,yes,no,no,no,no,no,no,yes
20,3/04/19,17-1042,BNSF R. Co. v. Loos,3/04/19,G,586/2,no,yes,no,yes,no,no,no,no,no
19,3/04/19,17-571,Fourth Estate Pub. Benefit Corp. v. Wall-Street.com, ,G,586/2,yes,no,no,no,no,no,no,no,no
18,2/27/19,17-7505,Madison v. Alabama,2/27/19,EK,586/2,no,no,no,no,yes,no,no,no,no
17,2/27/19,17-1026,Garza v. Idaho, ,SS,586/2,no,no,yes,no,no,no,no,no,no
16,2/27/19,17-1011,Jam v. International Finance Corp.,7/16/19,R,586/2,no,yes,no,yes,no,no,no,no,no
15,2/26/19,17-1094,Nutraceutical Corp. v. Lambert, ,SS,586/2,no,yes,no,yes,no,no,no,no,no
14,2/25/19,18-272,Yovino v. Rizo, ,PC,586/2,no,no,no,no,yes,no,no,no,no
13,2/20/19,17-419,Dawson v. Steager, ,NG,586/2,no,no,no,no,yes,no,no,no,no
12,2/20/19,17-1091,Timbs v. Indiana, ,G,586/2,no,no,no,no,yes,no,no,no,no
11,2/19/19,18-443,Moore v. Texas, ,PC,586/2,no,no,no,no,yes,no,no,no,no
10,1/22/19,17-1229,"Helsinn Healthcare S. A. v. Teva Pharmaceuticals USA, Inc.", ,T,586/1,yes,no,no,no,no,no,no,no,no
9,1/15/19,17-340,New Prime Inc. v. Oliveira, ,NG,586/1,yes,no,no,no,no,no,no,no,no
8,1/15/19,17-5554,Stokeling v. United States, ,T,586/1,no,no,no,no,yes,no,no,no,no
7,1/08/19,17-1272,"Henry Schein, Inc. v. Archer & White Sales, Inc.", ,BK,586/1,no,yes,yes,no,no,no,no,no,no
6,1/08/19,17-773,Culbertson v. Berryhill, ,T,586/1,no,yes,no,yes,no,no,no,no,no
5,1/07/19,18-56,Shoop v. Hill, ,PC,586/1,no,no,no,no,yes,no,no,no,no
4,1/07/19,17-1660,Escondido v. Emmons, ,PC,586/1,no,no,no,no,yes,no,no,no,no
3,12/10/18,17-765,United States v. Stitt, ,B,586/1,no,no,no,no,yes,no,no,no,no
2,11/27/18,17-71,Weyerhaeuser Co. v. United States Fish and Wildlife Serv., ,R,586/1,no,yes,yes,no,no,no,no,no,no
1,11/06/18,17-587,Mount Lemmon Fire Dist. v. Guido, ,G,586/1,yes,no,no,no,no,no,no,no,no
76,6/28/18,17-1364,North Carolina v. Covington, ,PC,585/2,no,no,no,no,yes,no,no,no,no
75,6/28/18,17-1106,Sexton v. Beaudreaux, ,PC,585/2,no,no,no,no,yes,no,no,no,no
74,6/28/18,17-742,Sause v. Bauer, ,PC,585/2,no,no,no,no,yes,no,no,no,no
73,6/27/18,16-1466,"Janus v. State, County, and Municipal Employees", ,A,585/2,no,yes,no,yes,no,no,no,no,no
72,6/27/18,"142, Orig.",Florida v. Georgia,11/02/18,B,585/2,no,no,no,no,yes,no,no,no,no
71,6/26/18,16-1140,National Institute of Family and Life Advocates v. Becerra, ,T,585/2,yes,yes,no,yes,no,no,no,no,no
70,6/26/18,17-965,Trump v. Hawaii, ,R,585/2,no,no,no,no,yes,no,no,no,no
69,6/25/18,17-586,Abbott v. Perez, ,A,585/2,no,no,no,no,yes,no,no,no,no
68,6/25/18,16-1454,Ohio v. American Express Co.,6/25/18,T,585/2,yes,no,no,yes,no,no,no,no,no
67,6/22/18,16-1017,Cox v. United States, ,PC,585/1,no,no,no,no,yes,no,no,no,no
66,6/22/18,16-961,Dalmazzi v. United States, ,PC,585/1,no,no,no,no,yes,no,no,no,no
65,6/22/18,16-1348,Currier v. Virginia, ,NG,585/1,no,no,no,no,yes,no,no,no,no
64,6/22/18,16-1423,Ortiz v. United States,6/25/18,EK,585/1,yes,no,no,no,no,no,no,no,no
63,6/22/18,16-1011,WesternGeco LLC v. ION Geophysical Corp., ,T,585/1,no,yes,yes,yes,no,no,no,no,no
62,6/22/18,16-402,Carpenter v. United States,6/29/18,R,585/1,no,yes,yes,yes,no,no,no,no,no
61,6/21/18,17-530,Wisconsin Central Ltd. v. United States, ,NG,585/1,no,yes,no,yes,no,no,no,no,no
60,6/21/18,17-130,Lucia v. SEC, ,EK,585/1,no,no,no,no,yes,no,no,no,no
59,6/21/18,17-459,Pereira v. Sessions, ,SS,585/1,no,yes,no,yes,no,no,no,no,no
58,6/21/18,17-494,"South Dakota v. Wayfair, Inc.", ,K,585/1,no,no,no,no,yes,no,no,no,no
57,6/18/18,17-333,Benisek v. Lamone, ,PC,585/1,no,no,no,no,yes,no,no,no,no
56,6/18/18,16-9493,Rosales-Mireles v. United States, ,SS,585/1,no,yes,yes,yes,no,no,no,no,no
55,6/18/18,17-5639,Chavez-Meza v. United States, ,B,585/1,yes,no,no,no,no,no,no,no,no
54,6/18/18,17-21,Lozman v. Riviera Beach, ,K,585/1,no,no,no,yes,no,no,no,no,no
53,6/18/18,16-1161,Gill v. Whitford, ,R,585/1,no,no,no,no,yes,no,no,no,no
52,6/14/18,16-1220,"Animal Science Products, Inc. v. Hebei Welcome Pharmaceutical Co.", ,G,585/1,no,yes,yes,no,no,no,no,yes,no
51,6/14/18,16-1435,Minnesota Voters Alliance v. Mansky, ,R,585/1,no,yes,no,yes,no,no,no,no,no
50,6/11/18,17-269,Washington v. United States, ,PC,584/2,no,no,no,no,yes,no,no,no,no
49,6/11/18,16-1432,Sveen v. Melin, ,EK,584/2,no,yes,no,yes,no,no,no,no,no
48,6/11/18,16-980,Husted v. A. Philip Randolph Institute, ,A,584/2,no,no,no,yes,no,no,no,no,no
47,6/11/18,17-432,"China Agritech, Inc. v. Resh", ,G,584/2,no,yes,no,yes,no,no,no,no,no
46,6/04/18,17-654,Azar v. Garza, ,PC,584/2,no,no,no,no,yes,no,no,no,no
45,6/04/18,16-1215,"Lamar, Archer & Cofrin, LLP v. Appling", ,SS,584/2,yes,no,no,no,no,no,no,no,no
44,6/04/18,17-5716,Koons v. United States, ,A,584/2,no,no,no,no,yes,no,no,no,no
43,6/04/18,17-155,Hughes v. United States,6/05/18,K,584/2,no,yes,no,yes,no,no,no,no,no
42,6/04/18,16-111,"Masterpiece Cakeshop, Ltd. v. Colorado Civil Rights Comm’n",6/04/186/13/18,K,584/2,no,no,no,no,yes,no,no,no,no
41,5/29/18,16-1495,City of Hays v. Vogt, ,PC,584/2,no,no,no,no,yes,no,no,no,no
40,5/29/18,16-1027,Collins v. Virginia, ,SS,584/2,no,no,no,no,yes,no,no,no,no
39,5/29/18,16-1519,Lagos v. United States, ,B,584/2,no,yes,no,yes,no,no,no,no,no
38,5/21/18,17-387,Upper Skagit Tribe v. Lundgren, ,NG,584/2,no,no,no,no,yes,no,no,no,no
37,5/21/18,16-285,Epic Systems Corp. v. Lewis, ,NG,584/2,yes,yes,no,no,no,no,no,no,no
36,5/14/18,16-476,Murphy v. National Collegiate Athletic Assn., ,A,584/2,no,no,no,yes,no,no,no,no,no
35,5/14/18,17-43,Dahda v. United States, ,B,584/2,no,no,no,no,yes,no,no,no,no
34,5/14/18,16-8255,McCoy v. Louisiana, ,G,584/2,no,no,no,no,yes,no,no,no,no
33,5/14/18,16-1371,Byrd v. United States, ,K,584/2,yes,no,no,no,no,no,no,no,no
32,5/14/18,17-312,United States v. Sanchez-Gomez, ,R,584/2,no,yes,yes,no,no,no,no,no,no
31,4/24/18,16-969,SAS Institute Inc. v. Iancu, ,NG,584/1,no,yes,no,yes,no,no,no,no,no
30,4/24/18,16-712,"Oil States Energy Services, LLC v. Greene’s Energy Group, LLC", ,T,584/1,no,no,no,no,yes,no,no,no,no
29,4/24/18,16-499,"Jesner v. Arab Bank, PLC",4/30/18,K,584/1,no,no,no,no,yes,no,no,no,no
28,4/17/18,17-2,United States v. Microsoft Corp., ,PC,584/1,no,no,no,no,yes,no,no,no,no
27,4/17/18,15-1498,Sessions v. Dimaya, ,EK,584/1,yes,no,no,no,no,no,no,no,no
26,4/17/18,16-6855,Wilson v. Sellers, ,B,584/1,yes,yes,no,yes,no,no,no,no,no
25,4/02/18,17-467,Kisela v. Hughes, ,PC,584/1,no,no,no,no,yes,no,no,no,no
24,4/02/18,16-1362,"Encino Motorcars, LLC v. Navarro", ,T,584/1,no,yes,yes,no,no,no,no,no,no
23,3/27/18,16-1150,Hall v. Hall, ,R,584/1,yes,no,no,no,no,no,no,no,no
22,3/21/18,16-6795,Ayestas v. Davis, ,A,584/1,no,yes,yes,no,no,no,no,no,no
21,3/21/18,16-1144,Marinello v. United States, ,B,584/1,no,yes,no,yes,no,no,no,no,no
20,3/20/18,15-1439,"Cyan, Inc. v. Beaver County Employees Retirement Fund", ,EK,583/2,no,no,no,no,yes,no,no,no,no
19,3/05/18,"141, Orig.",Texas v. New Mexico, ,NG,583/2,no,no,no,no,yes,no,no,no,no
18,3/05/18,15-1509,"U. S. Bank N. A. v. Village at Lakeridge, LLC", ,EK,583/2,yes,no,no,no,no,no,no,no,no
17,2/27/18,16-784,"Merit Management Group, LP v. FTI Consulting, Inc.", ,SS,583/2,no,no,no,no,yes,no,no,no,no
16,2/27/18,15-1204,Jennings v. Rodriguez, ,A,583/2,no,yes,no,yes,no,no,no,no,no
15,2/27/18,16-498,Patchak v Zinke,11/06/18,T,583/2,no,no,no,no,yes,no,no,no,no
14,2/21/18,16-1067,Murphy v. Smith, ,NG,583/2,yes,no,no,no,no,no,no,no,no
13,2/21/18,16-534,Rubin v. Islamic Republic of Iran, ,SS,583/2,yes,no,no,no,no,no,no,no,no
12,2/21/18,16-424,Class v. United States, ,B,583/2,no,no,no,no,yes,no,no,no,no
11,2/21/18,16-1276,"Digital Realty Trust, Inc. v. Somers", ,G,583/2,no,yes,no,yes,no,no,no,no,no
10,2/20/18,"137, Orig",Montana v Wyoming,2/20/18,D,583/2,no,no,no,no,yes,no,no,no,no
9,2/20/18,17-515,CNH Industrial N. V. v. Reese, ,PC,583/2,no,no,no,no,yes,no,no,no,no
8,1/22/18,16-299,National Assn. of Mfrs. v. Department of Defense, ,SS,583/1,no,yes,no,yes,no,no,no,no,no
7,1/22/18,16-460,Artis v. District of Columbia, ,G,583/1,no,no,no,no,yes,no,no,no,no
6,1/22/18,15-1485,District of Columbia v. Wesby,1/22/18,T,583/1,no,yes,no,yes,no,no,no,no,no
5,1/08/18,17-6075,Tharpe v. Sellers, ,PC,583/1,no,no,no,no,yes,no,no,no,no
3,11/08/17,16-658,Hamer v. Neighborhood Housing Servs. of Chicago, ,G,583/1,no,yes,yes,no,no,no,no,no,no
2,11/06/17,17-193,Dunn v. Madison, ,PC,583/1,no,no,no,no,yes,no,no,no,no
1,11/06/17,16-1468,Kernan v. Cuero, ,PC,583/1,no,no,no,no,yes,no,no,no,no
70,6/26/17,16-1436,Trump. v. International Refugee Assistance Project, ,PC,582/2,no,no,no,no,yes,no,no,no,no
69,6/26/17,16-992,Pavan v. Smith, ,PC,582/2,no,no,no,no,yes,no,no,no,no
68,6/26/17,15-118,Hernandez v. Mesa, ,PC,582/2,no,no,no,no,yes,no,no,no,no
67,6/26/17,16-6219,Davila v. Davis, ,T,582/2,no,no,no,no,yes,no,no,no,no
66,6/26/17,16-373,"California Public Employees’ Retirement System v. ANZ Securities, Inc.", ,K,582/2,yes,no,no,no,no,no,no,no,no
65,6/26/17,15-577,"Trinity Lutheran Church of Columbia, Inc. v. Comer", ,R,582/2,no,no,no,no,yes,no,no,no,no
64,6/23/17,16-399,Perry v. Merit Systems Protection Bd., ,G,582/2,no,yes,no,yes,no,no,no,no,no
63,6/23/17,15-214,Murr v. Wisconsin, ,K,582/2,no,no,no,no,yes,no,no,no,no
62,6/23/17,16-327,Jae Lee v. United States, ,R,582/2,no,no,no,no,yes,no,no,no,no
61,6/22/17,16-309,Maslenjak v. United States, ,EK,582/2,no,no,no,no,yes,no,no,no,no
60,6/22/17,15-1503,Turner v. United States, ,B,582/2,no,no,no,no,yes,no,no,no,no
59,6/22/17,16-240,Weaver v. Massachusetts, ,K,582/2,no,no,no,no,yes,no,no,no,no
58,6/19/17,16-1116,Jenkins v. Hutton, ,PC,582/1,no,no,no,no,yes,no,no,no,no
57,6/19/17,16-466,"Bristol-Myers Squibb Co. v. Superior Court of Cal., San Francisco Cty.", ,A,582/1,no,no,no,no,yes,no,no,no,no
56,6/19/17,15-1293,Matal v. Tam, ,A,582/1,yes,no,no,no,no,no,no,no,no
55,6/19/17,16-5294,McWilliams v. Dunn, ,B,582/1,no,no,no,no,yes,no,no,no,no
54,6/19/17,15-1358,Ziglar v. Abbasi, ,K,582/1,no,no,no,no,no,no,yes,yes,yes
53,6/19/17,15-1194,Packingham v. North Carolina, ,K,582/1,no,no,no,no,yes,no,no,no,no
52,6/12/17,16-1177,Virginia v. LeBlanc, ,PC,582/1,no,no,no,no,yes,no,no,no,no
51,6/12/17,16-349,Henson v. Santander Consumer USA Inc., ,NG,582/1,yes,no,no,no,no,no,no,no,no
50,6/12/17,15-1191,Sessions v. Morales-Santana, ,G,582/1,no,yes,no,no,no,yes,no,no,yes
49,6/12/17,15-457,Microsoft Corp. v. Baker, ,G,582/1,no,yes,no,yes,no,no,no,no,no
48,6/12/17,15-1039,Sandoz Inc. v. Amgen Inc., ,T,582/1,no,yes,no,no,no,no,no,yes,yes
47,6/05/17,16-1023,North Carolina v. Covington, ,PC,581/2,no,no,no,no,yes,no,no,no,no
46,6/05/17,16-74,Advocate Health Care Network v. Stapleton, ,EK,581/2,yes,no,no,yes,no,no,no,no,no
45,6/05/17,16-529,Kokesh v. SEC, ,SS,581/2,no,no,no,yes,no,no,no,no,no
44,6/05/17,16-142,Honeycutt v. United States, ,SS,581/2,no,no,no,yes,no,no,no,no,no
43,6/05/17,16-605,"Town of Chester v. Laroe Estates, Inc. ", ,A,581/2,no,yes,yes,no,no,no,no,no,no
42,5/30/17,16-369,County of Los Angeles v. Mendez, ,A,581/2,no,yes,yes,no,no,no,no,no,no
41,5/30/17,16-405,BNSF R. Co. v. Tyrrell, ,G,581/2,no,no,no,no,yes,no,no,no,no
40,5/30/17,16-54,Esquivel-Quintana v. Sessions, ,T,581/2,no,no,no,yes,no,no,no,no,no
39,5/30/17,15-1189,"Impression Products, Inc. v. Lexmark Int’l, Inc.", ,R,581/2,no,yes,no,yes,no,no,no,no,no
38,5/22/17,15-1262,Cooper v. Harris, ,EK,581/1,no,no,no,no,yes,no,no,no,no
37,5/22/17,16-254,"Water Splash, Inc. v. Menon", ,A,581/1,no,no,no,no,yes,no,no,no,no
36,5/22/17,16-341,TC Heartland LLC v. Kraft Foods Group Brands LLC, ,T,581/1,no,yes,no,yes,no,no,no,no,no
35,5/15/17,16-32,"Kindred Nursing Centers, L. P. v. Clark", ,EK,581/1,no,no,no,no,yes,no,no,no,no
34,5/15/17,16-348,"Midland Funding, LLC v. Johnson", ,B,581/1,no,no,no,yes,no,no,no,no,no
33,5/15/17,15-1031,Howell v. Howell, ,B,581/1,no,no,no,no,yes,no,no,no,no
32,5/01/17,15-1111,Bank of America Corp. v. Miami, ,B,581/1,no,no,yes,no,no,no,no,no,no
31,5/01/17,15-423,Bolivarian Republic of Venezuela v. Helmerich & Payne Int’l Drilling Co., ,B,581/1,no,yes,yes,no,no,no,no,no,no
30,4/25/17,15-1500,Lewis v. Clarke, ,SS,581/1,no,no,no,no,yes,no,no,no,no
29,4/19/17,15-1256,Nelson v. Colorado, ,G,581/1,no,no,no,no,yes,no,no,no,no
28,4/19/17,15-7250,Manrique v. United States, ,T,581/1,no,no,no,no,yes,no,no,no,no
27,4/18/17,15-1406,Goodyear Tire & Rubber Co. v. Haeger, ,EK,581/1,no,yes,no,yes,no,no,no,no,no
26,4/18/17,16-149,"Coventry Health Care of Mo., Inc. v. Nevils", ,G,581/1,no,no,no,no,yes,no,no,no,no
25,4/03/17,15-1248,McLane Co. v. EEOC,4/03/17,SS,581/1,no,yes,yes,yes,no,no,no,no,no
24,4/03/17,15-9260,Dean v. United States, ,R,581/1,no,yes,yes,yes,no,no,no,no,no
23,3/29/17,15-1391,Expressions Hair Design v. Schneiderman, ,R,581/1,no,no,no,no,yes,no,no,no,no
22,3/28/17,15-797,Moore v. Texas, ,G,581/1,no,no,no,no,yes,no,no,no,no
21,3/22/17,15-649,Czyzewski v. Jevic Holding Corp.  , ,B,580/2,no,yes,no,yes,no,no,no,no,no
20,3/22/17,15-866,"Star Athletica, L. L. C. v. Varsity Brands, Inc.", ,T,580/2,no,no,no,no,yes,no,no,no,no
19,3/22/17,15-827,Endrew F. v. Douglas County School Dist. RE–1, ,R,580/2,no,yes,yes,no,no,no,no,no,no
18,3/21/17,14-9496,Manuel v. Joliet, ,EK,580/2,no,no,no,no,yes,no,no,no,no
17,3/21/17,15-927,"SCA Hygiene Products Aktiebolag v. First Quality Baby Products, LLC", ,A,580/2,no,yes,no,yes,no,no,no,yes,no
16,3/21/17,15-1251,"NLRB v. SW General, Inc", ,R,580/2,yes,no,no,no,no,no,no,no,no
15,3/06/17,16-6316,Rippo v. Baker, ,PC,580/2,no,no,no,no,yes,no,no,no,no
14,3/06/17,15-8544,Beckles v. United States, ,T,580/2,no,no,no,no,yes,no,no,no,no
13,3/06/17,15-606,Pena-Rodriguez v. Colorado, ,K,580/2,no,no,no,no,yes,no,no,no,no
12,3/01/17,15-680,Bethune-Hill v. Virginia State Bd. of Elections, ,K,580/2,no,no,no,no,yes,no,no,no,no
11,2/22/17,15-497,Fry v. Napoleon Community Schools, ,EK,580/1,yes,yes,yes,no,no,no,no,no,no
10,2/22/17,14-1538,Life Technologies Corp. v. Promega Corp., ,SS,580/1,no,no,no,no,no,no,no,no,yes
9,2/22/17,15-8049,Buck v. Davis, ,R,580/1,no,no,no,no,yes,no,no,no,no
8,1/18/17,14-1055,Lightfoot v. Cendant Mortgage Corp, ,SS,580/1,yes,no,no,yes,no,no,no,no,no
7,1/09/17,16-67,White v. Pauly, ,PC,580/1,no,no,no,no,yes,no,no,no,no
6,12/12/16,15-5991,Shaw v. United States, ,B,580/1,no,yes,yes,no,no,no,no,no,no
5,12/06/16,15-777,Samsung Electronics Co. v. Apple Inc., ,SS,580/1,no,yes,no,yes,no,no,no,no,no
4,12/06/16,15-628,Salman v. United States, ,A,580/1,yes,no,no,no,no,no,no,no,no
3,12/06/16,15-513,State Farm Fire & Casualty Co. v. United States ex rel. Rigsby, ,K,580/1,yes,no,no,no,no,no,no,no,no
2,11/29/16,15-537,Bravo-Fernandez v. United States, ,G,580/1,yes,no,yes,no,no,no,no,no,no
1,10/11/16,15-9173,Bosse v. Oklahoma, ,PC,580/1,no,no,no,no,yes,no,no,no,no
81,6/27/16,14-10154,Voisine v. United States, ,EK,579/2,yes,no,no,no,no,no,no,no,no
80,6/27/16,15-274,Whole Woman’s Health v. Hellerstedt,6/27/16,B,579/2,no,no,yes,yes,no,no,no,no,no
79,6/27/16,15-474,McDonnell v. United States, ,R,579/2,no,yes,yes,no,no,no,no,no,no
78,6/23/16,15-674,United States v. Texas, ,PC,579/2,no,no,no,no,yes,no,no,no,no
77,6/23/16,13-1496,Dollar General Corp. v. Mississippi Band of Choctaw Indians, ,PC,579/2,no,no,no,no,yes,no,no,no,no
76,6/23/16,15-6092,Mathis v. United States, ,EK,579/2,no,no,no,yes,no,no,no,no,no
75,6/23/16,14-1468,Birchfield v. North Dakota, ,A,579/2,no,no,no,no,yes,no,no,no,no
74,6/23/16,14-981,Fisher v. University of Tex. at Austin, ,K,579/2,yes,no,no,no,no,no,no,no,no
73,6/20/16,15-138,"RJR Nabisco, Inc. v. European Community", ,A,579/1,no,yes,no,yes,no,no,no,no,no
72,6/20/16,14-6166,Taylor v. United States, ,A,579/1,no,no,no,no,yes,no,no,no,no
71,6/20/16,15-446,"Cuozzo Speed Technologies, LLC v. Lee", ,B,579/1,no,no,no,no,yes,no,no,no,no
70,6/20/16,14-1373,Utah v. Strieff, ,T,579/1,no,no,no,no,yes,no,no,no,no
69,6/20/16,15-415,"Encino Motorcars, LLC v. Navarro", ,K,579/1,no,yes,yes,no,no,no,no,no,no
68,6/16/16,15-375,"Kirtsaeng v. John Wiley & Sons, Inc.", ,EK,579/1,no,no,no,no,yes,no,no,no,no
67,6/16/16,15-7,"Universal Health Services, Inc. v. United States ex rel. Escobar", ,T,579/1,no,yes,yes,yes,no,no,no,no,no
66,6/16/16,14-916,"Kingdomware Technologies, Inc. v. United States", ,T,579/1,no,yes,no,yes,no,no,no,no,no
65,6/13/16,15-420,United States v. Bryant,7/07/16,G,579/1,no,yes,no,yes,no,no,no,no,no
64,6/13/16,15-233,Puerto Rico v. Franklin Cal. Tax-Free Trust, ,T,579/1,yes,no,no,no,no,no,no,no,no
63,6/13/16,14-1513,"Halo Electronics, Inc. v. Pulse Electronics, Inc.", ,R,579/1,no,no,yes,no,no,no,no,no,no
62,6/09/16,15-108,Puerto Rico v. Sanchez Valle, ,EK,579/1,no,no,no,no,yes,no,no,no,no
61,6/09/16,15-458,Dietz v. Bouldin, ,SS,579/1,no,no,no,no,yes,no,no,no,no
60,6/09/16,15-5040,Williams v. Pennsylvania, ,K,579/1,no,no,no,no,yes,no,no,no,no
59,6/06/16,15-339,Ross v. Blake, ,EK,578/2,no,yes,yes,yes,no,no,no,no,no
58,6/06/16,15-109,Simmons v. Himmelreich, ,SS,578/2,yes,yes,no,no,no,no,no,no,no
57,5/31/16,15-8366,Lynch v. Arizona, ,PC,578/2,no,no,no,no,yes,no,no,no,no
56,5/31/16,15-789,Johnson v. Lee, ,PC,578/2,no,no,no,no,yes,no,no,no,no
55,5/31/16,15-290,Army Corps of Engineers v. Hawkes Co., ,R,578/2,no,no,no,no,yes,no,no,no,no
54,5/23/16,14-613,Green v. Brennan, ,SS,578/2,no,yes,yes,no,no,no,no,no,no
53,5/23/16,14-1504,Wittman v. Personhuballah, ,B,578/2,no,no,no,no,yes,no,no,no,no
52,5/23/16,14-8349,Foster v. Chatman, ,R,578/2,yes,no,no,no,no,no,no,no,no
51,5/19/16,14-1096,Luna Torres v. Lynch, ,EK,578/2,yes,no,no,no,no,no,no,no,no
50,5/19/16,14-1457,Betterman v. Montana, ,G,578/2,no,no,no,no,yes,no,no,no,no
49,5/19/16,14-1375,"CRST Van Expedited, Inc. v. EEOC ", ,K,578/2,no,yes,yes,no,no,no,no,no,no
48,5/16/16,15-833,Kernan v. Hinojosa, ,PC,578/2,no,no,no,no,yes,no,no,no,no
47,5/16/16,14-1418,Zubik v. Burwell, ,PC,578/2,no,no,no,no,yes,no,no,no,no
46,5/16/16,14-1132,"Merrill Lynch, Pierce, Fenner & Smith Inc. v. Manning", ,EK,578/2,no,no,no,no,yes,no,no,no,no
45,5/16/16,15-145,"Husky Int’l Electronics, Inc. v. Ritz", ,SS,578/2,no,yes,no,yes,no,no,no,no,no
44,5/16/16,13-1339,"Spokeo, Inc. v. Robins",5/24/16,A,578/2,no,no,no,no,yes,no,no,no,no
43,5/16/16,15-338,Sheriff v. Gillie, ,G,578/2,no,yes,no,yes,no,no,no,no,no
42,5/02/16,14-361,Ocasio v. United States, ,A,578/1,yes,no,no,no,no,no,no,no,no
41,4/26/16,14-1280,Heffernan v. City of Paterson, ,B,578/1,no,yes,no,yes,no,no,no,no,no
40,4/20/16,14-232,Harris v. Arizona Independent Redistricting Comm’n, ,B,578/1,no,no,no,no,yes,no,no,no,no
39,4/20/16,14-770,Bank Markazi v. Peterson, ,G,578/1,yes,no,no,no,no,no,no,no,no
38,4/20/16,14-8913,Molina-Martinez v. United States, ,K,578/1,no,no,no,no,yes,no,no,no,no
37,4/19/16,14-1175,Franchise Tax Bd. of Cal. v. Hyatt, ,B,578/1,no,no,no,no,yes,no,no,no,no
36,4/19/16,14-614,"Hughes v. Talen Energy Marketing, LLC", ,G,578/1,yes,no,no,no,no,no,no,no,no
35,4/18/16,15-6418,Welch v. United States, ,K,578/1,no,no,no,no,yes,no,no,no,no
34,4/04/16,15-723,Woods v. Etherton, ,PC,578/1,no,no,no,no,yes,no,no,no,no
33,4/04/16,15-5238,Nichols v. United States, ,A,578/1,no,no,no,yes,no,no,no,no,no
32,4/04/16,14-940,Evenwel v. Abbott, ,G,578/1,no,no,no,no,yes,no,no,no,no
31,3/30/16,14-419,Luis v. United States, ,B,578/1,no,no,no,no,yes,no,no,no,no
30,3/29/16,14-915,Friedrichs v. California Teachers Assn., ,PC,578/1,no,no,no,no,yes,no,no,no,no
29,3/22/16,14-520,Hawkins v. Community Bank, ,PC,577/2,no,no,no,no,yes,no,no,no,no
28,3/22/16,14-1406,Nebraska v. Parker, ,T,577/2,yes,no,no,no,no,no,no,no,no
27,3/22/16,14-1146,"Tyson Foods, Inc. v. Bouaphakeo", ,K,577/2,yes,yes,no,no,no,no,no,no,no
26,3/22/16,14-1209,Sturgeon v. Frost, ,R,577/2,no,yes,yes,no,no,no,no,no,no
25,3/21/16,"137, Orig",Montana v. Wyoming, ,D,577/2,no,no,no,no,yes,no,no,no,no
24,3/21/16,14-10078,Caetano v. Massachusetts, ,PC,577/2,no,no,no,no,yes,no,no,no,no
23,3/07/16,15-648,V.L. v. E.L., ,PC,577/2,no,no,no,no,yes,no,no,no,no
22,3/07/16,14-10008,Wearry v. Cain, ,PC,577/2,no,no,no,no,yes,no,no,no,no
21,3/07/16,14-1382,"Americold Realty Trust v. ConAgra Foods, Inc.", ,SS,577/2,yes,no,no,no,no,no,no,no,no
20,3/01/16,14-8358,Lockhart v. United States, ,SS,577/2,yes,no,no,no,no,no,no,no,no
19,3/01/16,14-181,Gobeille v. Liberty Mut. Ins. Co., ,K,577/2,yes,no,no,no,no,no,no,no,no
18,1/25/16,15-278,Amgen Inc. v. Harris, ,PC,577/2,no,no,no,no,yes,no,no,no,no
17,1/25/16,15-493,James v. Boise, ,PC,577/2,no,no,no,no,yes,no,no,no,no
16,1/25/16,14-840,FERC v. Electric Power Supply Assn.,1/28/16,EK,577/2,no,no,no,no,yes,no,no,no,no
15,1/25/16,14-510,Menominee Tribe of Wis. v. United States, ,A,577/2,yes,yes,no,no,no,no,no,no,no
14,1/25/16,14-1095,Musacchio v. United States, ,T,577/2,no,no,no,no,yes,no,no,no,no
13,1/25/16,14-280,Montgomery v. Louisiana,1/27/16,K,577/2,no,no,no,no,yes,no,no,no,no
12,1/20/16,14-1516,Duncan v. Owens, ,PC,577/1,no,no,no,no,yes,no,no,no,no
11,1/20/16,14-857,Campbell-Ewald v. Gomez,2/09/16,G,577/1,no,no,no,no,yes,no,no,no,no
10,1/20/16,14-723,Montanile v. Board of Trustees of Nat. Elevator Industry Health Benefit Plan, ,T,577/1,no,no,no,no,yes,no,no,no,no
9,1/20/16,14-449,Kansas v. Carr, ,AS,577/1,no,no,no,no,yes,no,no,no,no
8,1/12/16,14-7505,Hurst v. Florida, ,SS,577/1,no,no,no,no,yes,no,no,no,no
7,1/12/16,14-844,Bruce v. Samuels, ,G,577/1,yes,no,no,no,no,no,no,no,no
6,12/14/15,14-1372,White v. Wheeler, ,PC,577/1,no,no,no,no,yes,no,no,no,no
5,12/14/15,14-462,"DIRECTV, Inc. v. Imburgia", ,B,577/1,yes,no,no,no,no,no,no,no,no
4,12/08/15,14-990,Shapiro v. McManus, ,AS,577/1,yes,no,no,no,no,no,no,no,no
3,12/01/15,13-1067,OBB Personenverkehr AG v. Sachs, ,R,577/1,no,no,no,yes,no,no,no,no,no
2,11/09/15,14-1143,Mullenix v. Luna, ,PC,577/1,no,no,no,no,yes,no,no,no,no
1,10/05/15,14-848,Maryland v. Kulbicki, ,PC,577/1,no,no,no,no,yes,no,no,no,no
76,6/29/15,14-7955,Glossip v. Gross, ,A,576/2,no,no,no,no,yes,no,no,no,no
75,6/29/15,13-1314,Arizona State Legislature v. Arizona Independent Redistricting Comm’n, ,G,576/2,no,no,no,no,yes,no,no,no,no
74,6/29/15,14-46,Michigan v. EPA, ,AS,576/2,no,yes,no,yes,no,no,no,no,no
73,6/26/15,14-556,Obergefell v. Hodges, ,K,576/2,no,no,no,no,yes,no,no,no,no
72,6/26/15,13-7120,Johnson v. United States, ,AS,576/2,no,no,no,yes,no,no,no,no,no
71,6/25/15,13-1371,"Texas Dept. of Housing and Community Affairs v. Inclusive Communities Project, Inc.", ,K,576/2,yes,yes,no,yes,no,no,no,no,no
70,6/25/15,14-114,King v. Burwell, ,R,576/2,yes,no,no,no,no,no,no,no,no
69,6/22/15,13-720,"Kimble v. Marvel Entertainment, LLC", ,EK,576/1,yes,no,no,no,no,no,no,no,no
68,6/22/15,13-1175,Los Angeles v. Patel, ,SS,576/1,yes,no,no,no,no,no,no,no,no
67,6/22/15,14-6368,Kingsley v. Hendrickson, ,B,576/1,no,yes,yes,no,no,no,no,no,no
66,6/22/15,14-275,Horne v. Department of Agriculture, ,R,576/1,no,yes,no,yes,no,no,no,no,no
65,6/18/15,13-1433,Brumfield v. Cain, ,SS,576/1,no,yes,yes,no,no,no,no,no,no
64,6/18/15,13-1428,Davis v. Ayala, ,A,576/1,no,yes,no,yes,no,no,no,no,no
63,6/18/15,13-1352,Ohio v. Clark, ,A,576/1,no,no,no,no,yes,no,no,no,no
62,6/18/15,14-144,"Walker v. Texas Div., Sons of Confederate Veterans, Inc.", ,B,576/1,no,no,no,yes,no,no,no,no,no
61,6/18/15,14-378,McFadden v. United States, ,T,576/1,no,yes,yes,no,no,no,no,no,no
60,6/18/15,13-502,Reed v. Town of Gilbert, ,T,576/1,no,yes,no,yes,no,no,no,no,no
59,6/15/15,14-185,Reyes Mata v. Lynch, ,EK,576/1,no,no,no,no,yes,no,no,no,no
58,6/15/15,14-103,Baker Botts L.L.P. v. ASARCO LLC, ,T,576/1,yes,no,no,no,no,no,no,no,no
57,6/15/15,13-1402,Kerry v. Din, ,AS,576/1,no,no,no,no,yes,no,no,no,no
56,6/08/15,13-628,Zivotofsky v. Kerry, ,K,576/1,yes,no,no,no,no,no,no,no,no
55,6/01/15,14-939,Taylor v. Barkes, ,PC,575/2,no,no,no,no,yes,no,no,no,no
54,6/01/15,13-1034,Mellouli v. Lynch, ,G,575/2,no,no,no,yes,no,no,no,no,no
53,6/01/15,13-1421,"Bank of America, N. A. v. Caulkett", ,T,575/2,no,no,no,no,yes,no,no,no,no
52,6/01/15,14-86,"EEOC v. Abercrombie & Fitch Stores, Inc.", ,AS,575/2,no,yes,no,yes,no,no,no,no,no
51,6/01/15,13-983,Elonis v. United States, ,R,575/2,no,no,no,no,yes,no,no,no,no
50,5/26/15,13-935,"Wellness Int’l Network, Ltd. v. Sharif", ,SS,575/2,no,yes,no,yes,no,no,no,no,no
49,5/26/15,12-1497,"Kellogg Brown & Root Services, Inc. v. United States ex rel. Carter", ,A,575/2,no,yes,no,no,no,yes,no,no,yes
48,5/26/15,13-896,"Commil USA, LLC v. Cisco Systems, Inc.", ,K,575/2,no,yes,yes,no,no,no,no,no,no
47,5/18/15,13-1487,Henderson v. United States, ,EK,575/2,no,yes,no,yes,no,no,no,no,no
46,5/18/15,13-1412,City and County of San Francisco v. Sheehan, ,A,575/2,no,no,no,no,yes,no,no,no,no
45,5/18/15,13-485,Comptroller of Treasury of Md. v. Wynne, ,A,575/2,no,no,no,no,yes,no,no,no,no
44,5/18/15,13-1333,Coleman v. Tollefson, ,B,575/2,yes,no,no,no,no,no,no,no,no
43,5/18/15,13-550,Tibble v. Edison Int’l, ,B,575/2,no,yes,yes,no,no,no,no,no,no
42,5/18/15,14-400,Harris v. Viegelahn, ,G,575/2,no,yes,no,yes,no,no,no,no,no
41,5/04/15,14-116,Bullard v. Blue Hills Bank, ,R,575/2,yes,no,no,no,no,no,no,no,no
40,4/29/15,13-1019,"Mach Mining, LLC v. EEOC", ,EK,575/1,no,yes,yes,yes,no,no,no,no,no
39,4/29/15,13-1499,Williams-Yulee v. Florida Bar, ,R,575/1,no,no,no,no,yes,no,no,no,no
38,4/22/15,13-1074,United States v. Kwai Fun Wong, ,EK,575/1,yes,no,no,no,no,no,no,no,no
37,4/21/15,13-271,"Oneok, Inc. v. Learjet, Inc.", ,B,575/1,yes,no,no,no,no,no,no,no,no
36,4/21/15,13-9972,Rodriguez v. United States, ,G,575/1,yes,yes,yes,no,no,no,no,no,no
35,3/31/15,14-15,"Armstrong v. Exceptional Child Center, Inc.", ,AS,575/1,no,no,no,no,yes,no,no,no,no
34,3/30/15,14-618,Woods v. Donald, ,PC,575/1,no,no,no,no,yes,no,no,no,no
33,3/30/15,14-593,Grady v. North Carolina, ,PC,575/1,no,no,no,no,yes,no,no,no,no
32,3/25/15,13-895,Alabama Legislative Black Caucus v. Alabama, ,B,575/1,no,no,no,no,yes,no,no,no,no
31,3/25/15,12-1226,"Young v. United Parcel Service, Inc.", ,B,575/1,no,yes,yes,no,no,no,no,no,no
30,3/24/15,13-435,"Omnicare, Inc. v. Laborers Dist. Council Constr. Industry Pension Fund", ,EK,575/1,no,yes,yes,no,no,no,no,no,no
29,3/24/15,13-352,"B&B Hardware, Inc. v. Hargis Industries, Inc.", ,A,575/1,no,yes,no,yes,no,no,no,no,no
28,3/09/15,"126, Orig.",Kansas v. Nebraska, ,D,575/1,no,no,no,no,yes,no,no,no,no
27,3/09/15,13-1041,Perez v. Mortgage Bankers Assn., ,SS,575/1,no,no,no,yes,no,no,no,no,no
26,3/09/15,13-1080,Department of Transportation v. Association of American Railroads, ,K,575/1,no,yes,yes,yes,no,no,no,no,no
25,3/04/15,13-553,"Alabama Dept. of Revenue v. CSX Transp., Inc.", ,AS,575/1,no,yes,no,yes,no,no,no,no,no
24,3/03/15,13-1032,Direct Marketing Assn. v. Brohl, ,T,575/1,no,yes,no,yes,no,no,no,no,no
23,2/25/15,13-7451,Yates v. United States, ,G,574/2,no,yes,no,yes,no,no,no,no,no
22,2/25/15,13-534,North Carolina Bd. of Dental Examiners v. FTC, ,K,574/2,yes,no,no,no,no,no,no,no,no
21,2/24/15,"126, Orig.",Kansas v. Nebraska, ,EK,574/2,no,no,no,no,yes,no,no,no,no
20,1/26/15,13-1010,"M&G Polymers USA, LLC v. Tackett", ,T,574/2,no,yes,yes,no,no,no,no,no,no
19,1/21/15,13-1211,"Hana Financial, Inc. v. Hana Bank", ,SS,574/2,yes,no,no,no,no,no,no,no,no
18,1/21/15,13-1174,Gelboim v. Bank of America Corp., ,G,574/2,no,no,no,no,yes,no,no,no,no
17,1/21/15,13-894,Department of Homeland Security v. MacLean, ,R,574/2,no,no,no,no,yes,no,no,no,no
16,1/20/15,14-6873,Christeson v. Roper, ,PC,574/2,no,no,no,no,yes,no,no,no,no
15,1/20/15,13-6827,Holt v. Hobbs, ,A,574/2,no,no,no,no,yes,no,no,no,no
14,1/20/15,13-854,"Teva Pharmaceuticals USA, Inc. v. Sandoz, Inc.", ,B,574/2,no,yes,yes,no,no,no,no,no,no
13,1/14/15,13-975,"T-Mobile South, LLC v. City of Roswell", ,SS,574/2,no,yes,no,yes,no,no,no,no,no
12,1/14/15,13-7211,Jennings v. Stephens, ,AS,574/2,no,no,no,no,yes,no,no,no,no
11,1/13/15,13-9026,Whitfield v. United States, ,AS,574/2,no,no,no,no,yes,no,no,no,no
10,1/13/15,13-684,"Jesinoski v. Countrywide Home Loans, Inc.", ,AS,574/2,yes,yes,no,yes,no,no,no,no,no
9,12/15/14,"5, Orig.",United States v. California, ,D,574/1,no,no,no,no,yes,no,no,no,no
8,12/15/14,13-719,Dart Cherokee Basin Operating Co. v. Owens, ,G,574/1,no,no,no,no,yes,no,no,no,no
7,12/15/14,13-604,Heien v. North Carolina, ,R,574/1,no,no,no,no,yes,no,no,no,no
6,12/09/14,13-517,Warger v. Shauers, ,SS,574/1,yes,no,no,no,no,no,no,no,no
5,12/09/14,13-433,"Integrity Staffing Solutions, Inc. v. Busk ", ,T,574/1,no,no,no,yes,no,no,no,no,no
4,11/17/14,14-95,Glebe v. Frost, ,PC,574/1,no,no,no,no,yes,no,no,no,no
3,11/10/14,14-212,Carroll v. Carman, ,PC,574/1,no,no,no,no,yes,no,no,no,no
2,11/10/14,13-1318,Johnson v. City of Shelby, ,PC,574/1,no,no,no,no,yes,no,no,no,no
1,10/06/14,13-946,Lopez v. Smith, ,PC,574/1,no,no,no,no,yes,no,no,no,no
75,7/01/14,13-9085,Williams v. Johnson, ,PC,573/2,no,no,no,no,yes,no,no,no,no
74,6/30/14,13-354,"Burwell v. Hobby Lobby Stores, Inc.", ,A,573/2,no,no,no,no,yes,no,no,no,no
73,6/30/14,11-681,Harris v. Quinn, ,A,573/2,no,yes,no,no,no,yes,no,no,yes
72,6/26/14,12-1281,NLRB v. Noel Canning, ,B,573/2,yes,no,no,no,no,no,no,no,no
71,6/26/14,12-1168,McCullen v. Coakley, ,R,573/2,no,yes,no,yes,no,no,no,no,no
70,6/25/14,13-461,"American Broadcasting Cos. v. Aereo, Inc.", ,B,573/2,no,no,no,no,yes,no,no,no,no
69,6/25/14,12-751,Fifth Third Bancorp v. Dudenhoeffer, ,B,573/2,no,yes,yes,yes,no,no,no,no,no
68,6/25/14,13-132,Riley v. California, ,R,573/2,yes,yes,no,yes,no,no,no,no,no
67,6/23/14,13-316,Loughrin v. United States, ,EK,573/1,yes,no,no,no,no,no,no,no,no
66,6/23/14,12-1146,Utility Air Regulatory Group v. EPA, ,AS,573/1,no,no,no,no,no,yes,no,no,yes
65,6/23/14,13-317,"Halliburton Co. v. Erica P. John Fund, Inc.", ,R,573/1,no,yes,yes,no,no,no,no,no,no
64,6/19/14,13-301,United States v. Clarke, ,EK,573/1,no,no,yes,no,no,no,no,no,no
63,6/19/14,13-483,Lane v. Franks, ,SS,573/1,no,no,no,no,yes,no,no,no,no
62,6/19/14,13-298,Alice Corp. v. CLS Bank Int'l, ,T,573/1,yes,no,no,no,no,no,no,no,no
61,6/16/14,12-1493,Abramski v. United States, ,EK,573/1,yes,no,no,no,no,no,no,no,no
60,6/16/14,13-193,Susan B. Anthony List v. Driehaus, ,T,573/1,no,no,no,no,yes,no,no,no,no
59,6/16/14,12-842,"Republic of Argentina v. NML Capital, Ltd.", ,AS,573/1,yes,no,no,no,no,no,no,no,no
58,6/12/14,13-299,Clark v. Rameker, ,SS,573/1,yes,no,no,no,no,no,no,no,no
57,6/12/14,12-761,POM Wonderful LLC v. Coca-Cola Co., ,K,573/1,no,yes,no,yes,no,no,no,no,no
56,6/09/14,12-930,Scialabba v. Cuellar de Osorio, ,EK,573/1,yes,yes,no,yes,no,no,no,no,no
55,6/09/14,12-1200,Executive Benefits Ins. Agency v. Arkison, ,T,573/1,yes,no,no,no,no,no,no,no,no
54,6/09/14,13-339,CTS Corp. v. Waldburger, ,K,573/1,no,no,no,yes,no,no,no,no,no
53,6/02/14,12-786,"Limelight Networks, Inc. v. Akamai Technologies, Inc.", ,A,572/2,no,yes,no,yes,no,no,no,no,no
52,6/02/14,13-369,"Nautilus, Inc. v. Biosig Instruments, Inc.", ,G,572/2,no,yes,yes,no,no,no,no,no,no
51,6/02/14,12-158,Bond v. United States, ,R,572/2,no,yes,no,yes,no,no,no,no,no
50,5/27/14,13-5967,Martinez v. Illinois, ,PC,572/2,no,no,no,no,yes,no,no,no,no
49,5/27/14,12-515,Michigan v. Bay Mills Indian Community, ,EK,572/2,yes,yes,no,no,no,no,no,no,no
48,5/27/14,12-1117,Plumhoff v. Rickard, ,A,572/2,no,no,no,no,yes,no,no,no,no
47,5/27/14,13-115,Wood v. Moss, ,G,572/2,no,no,no,yes,no,no,no,no,no
46,5/27/14,12-10882,Hall v. Florida, ,K,572/2,no,no,no,no,yes,no,no,no,no
45,5/19/14,12-1315,"Petrella v. Metro-Goldwyn-Mayer, Inc.", ,G,572/2,yes,yes,no,yes,no,no,no,no,no
44,5/05/14,13-551,Tolan v. Cotton, ,PC,572/2,no,no,no,no,yes,no,no,no,no
43,5/05/14,12-9012,Robers v. United States, ,B,572/2,yes,no,no,no,no,no,no,no,no
42,5/05/14,12-696,Town of Greece v. Galloway, ,K,572/2,no,no,no,yes,no,no,no,no,no
41,4/29/14,12-1163,"Highmark Inc. v. Allcare Health Management System, Inc.", ,SS,572/2,no,yes,yes,no,no,no,no,no,no
40,4/29/14,12-1184,"Octane Fitness, LLC v. ICON Health & Fitness, Inc.", ,SS,572/2,no,no,no,no,yes,no,no,no,no
39,4/29/14,12-1182,"EPA v. EME Homer City Generation, L. P.", ,G,572/2,no,yes,yes,yes,no,no,no,no,no
38,4/23/14,12-8561,Paroline v. United States, ,K,572/1,no,no,no,no,yes,no,no,no,no
37,4/23/14,12-794,White v. Woodall, ,AS,572/1,no,yes,no,yes,no,no,no,no,no
36,4/22/14,12-9490,Prado Navarette v. California, ,T,572/1,no,no,no,no,yes,no,no,no,no
35,4/22/14,12-682,Schuette v. BAMN, ,K,572/1,no,no,no,yes,no,no,no,no,no
34,4/02/14,12-462,"Northwest, Inc. v. Ginsberg", ,A,572/1,no,yes,no,yes,no,no,no,no,no
33,4/02/14,12-536,McCutcheon v. Federal Election Comm'n, ,R,572/1,no,no,no,no,yes,no,no,no,no
32,3/26/14,12-1371,United States v. Castleman, ,SS,572/1,no,yes,no,yes,no,no,no,no,no
31,3/25/14,12-1408,"United States v. Quality Stores, Inc.", ,K,572/1,no,yes,no,yes,no,no,no,no,no
30,3/25/14,12-873,"Lexmark Int'l, Inc. v. Static Control Components, Inc.", ,AS,572/1,no,no,no,no,yes,no,no,no,no
29,3/10/14,12-1173,Marvin M. Brandt Revocable Trust v. United States, ,R,572/1,no,no,no,no,yes,no,no,no,no
28,3/05/14,12-895,Rosemond v. United States, ,EK,572/1,yes,yes,yes,no,no,no,no,no,no
27,3/05/14,12-138,BG Group plc v. Republic of Argentina, ,B,572/1,no,no,no,yes,no,no,no,no,no
26,3/05/14,12-820,Lozano v. Montoya Alvarez, ,T,572/1,yes,no,no,no,no,no,no,no,no
25,3/04/14,12-3,Lawson v. FMR LLC, ,G,571/2,no,yes,no,yes,no,no,no,no,no
24,3/04/14,12-5196,Law v. Siegel, ,AS,571/2,no,no,no,no,yes,no,no,no,no
23,2/26/14,12-79,Chadbourne & Parke LLP v. Troice, ,B,571/2,yes,no,no,no,no,no,no,no,no
22,2/26/14,12-1038,United States v. Apel, ,R,571/2,no,yes,yes,no,no,no,no,no,no
21,2/25/14,12-464,Kaley v. United States, ,EK,571/2,yes,yes,no,no,no,no,no,no,no
20,2/25/14,12-7822,Fernandez v. California, ,A,571/2,no,no,no,no,yes,no,no,no,no
19,2/25/14,12-574,Walden v. Fiore, ,T,571/2,no,no,no,yes,no,no,no,no,no
18,2/24/14,13-6440,Hinton v. Alabama, ,PC,571/2,no,no,no,no,yes,no,no,no,no
17,1/27/14,12-315,Air Wisconsin Airlines Corp. v. Hoeper, ,SS,571/2,no,no,no,no,yes,no,no,no,no
16,1/27/14,12-417,Sandifer v. United States Steel Corp., ,AS,571/2,no,no,no,no,yes,no,no,no,no
15,1/27/14,12-7515,Burrage v. United States, ,AS,571/2,no,yes,no,yes,no,no,no,no,no
14,1/22/14,12-1128,"Medtronic, Inc. v. Mirowski Family Ventures, LLC", ,B,571/2,no,yes,no,yes,no,no,no,no,no
13,1/15/14,12-992,Ray Haluch Gravel Co. v. Central Pension Fund of Operating Engineers and Participating Employers, ,K,571/1,no,yes,no,yes,no,no,no,no,no
12,1/14/14,12-1036,Mississippi ex rel. Hood v. AU Optronics Corp., ,SS,571/1,no,yes,no,yes,no,no,no,no,no
11,1/14/14,11-965,Daimler AG v. Bauman, ,G,571/1,yes,no,no,yes,no,no,no,no,no
10,12/16/13,12-729,Heimeshoff v. Hartford Life & Accident Ins. Co., ,T,571/1,yes,no,no,no,no,no,no,no,no
9,12/11/13,12-609,Kansas v. Cheever, ,SS,571/1,no,no,no,no,yes,no,no,no,no
8,12/10/13,12-99,Unite Here Local 355 v. Mulhall, ,PC,571/1,no,no,no,no,yes,no,no,no,no
7,12/10/13,12-815,"Sprint Communications, Inc. v. Jacobs", ,G,571/1,no,yes,yes,yes,no,no,no,no,no
6,12/03/13,12-929,Atlantic Marine Constr. Co. v. United States Dist. Court for Western Dist. of Tex., ,A,571/1,no,yes,no,yes,no,no,no,no,no
5,12/03/13,12-562,United States v. Woods, ,AS,571/1,no,no,no,no,yes,no,no,no,no
4,12/02/13,13-113,Ford Motor Co. v. United States, ,PC,571/1,no,no,no,no,yes,no,no,no,no
3,11/05/13,12-414,Burt v. Titlow, ,A,571/1,no,no,no,yes,no,no,no,no,no
2,11/04/13,12-1217,Stanton v. Sims, ,PC,571/1,no,no,no,no,yes,no,no,no,no
1,10/15/13,12-872,Madigan v. Levin, ,PC,571/1,no,no,no,no,yes,no,no,no,no
79,6/26/13,12-307,United States v. Windsor, ,K,570/2,yes,no,no,no,no,no,no,no,no
78,6/26/13,12-357,Sekhar v. United States, ,AS,570/2,no,no,no,yes,no,no,no,no,no
77,6/26/13,12-144,Hollingsworth v. Perry, ,R,570/2,no,yes,yes,no,no,no,no,no,no
76,6/25/13,12-399,Adoptive Couple v. Baby Girl, ,A,570/2,no,no,no,no,yes,no,no,no,no
75,6/25/13,11-1447,Koontz v. St. Johns River Water Management Dist., ,A,570/2,no,no,no,no,yes,no,no,no,no
74,6/25/13,12-96,Shelby County v. Holder, ,R,570/2,yes,no,no,yes,no,no,no,no,no
73,6/24/13,12-1084,Ryan v. Schad, ,PC,570/2,no,no,no,no,yes,no,no,no,no
72,6/24/13,12-142,Mutual Pharmaceutical Co. v. Bartlett, ,A,570/2,no,no,no,yes,no,no,no,no,no
71,6/24/13,11-556,Vance v. Ball State Univ., ,A,570/2,yes,yes,no,no,no,no,no,no,no
70,6/24/13,12-418,United States v. Kebodeaux, ,B,570/2,no,yes,no,yes,no,no,no,no,no
69,6/24/13,12-484,University of Tex. Southwestern Medical Center v. Nassar, ,K,570/2,no,yes,yes,no,no,yes,no,yes,no
68,6/24/13,11-345,Fisher v. University of Texas at Austin, ,K,570/2,yes,yes,yes,no,no,no,no,no,no
67,6/20/13,11-9540,Descamps v. United States, ,EK,570/1,yes,no,no,no,no,no,no,no,no
66,6/20/13,12-133,American Express Co. v. Italian Colors Restaurant, ,AS,570/1,no,no,no,no,yes,no,no,no,no
65,6/20/13,12-10,"Agency for Int'l Development v. Alliance for Open Society Int'l, Inc.", ,R,570/1,yes,no,no,no,no,no,no,no,no
64,6/17/13,12-246,Salinas v. Texas, ,A,570/1,yes,no,no,no,no,no,no,no,no
63,6/17/13,12-416,"FTC v. Actavis, Inc.", ,B,570/1,no,yes,no,yes,no,no,no,no,yes
62,6/17/13,11-9335,Alleyne v. United States, ,T,570/1,no,no,no,no,yes,no,no,no,no
61,6/17/13,12-25,Maracich v. Spears, ,K,570/1,yes,yes,yes,no,no,no,no,no,no
60,6/17/13,12-71,"Arizona v. Inter Tribal Council of Ariz., Inc.", ,AS,570/1,yes,no,no,yes,no,yes,no,yes,no
59,6/13/13,11-798,"American Trucking Assns., Inc. v. Los Angeles", ,EK,569/2,no,yes,no,no,no,no,no,no,yes
58,6/13/13,11-889,Tarrant Regional Water Dist. v. Herrmann, ,SS,569/2,yes,no,no,no,no,no,no,no,no
57,6/13/13,12-167,United States v. Davila, ,G,569/2,no,yes,yes,no,no,no,no,no,no
56,6/13/13,12-398,"Association for Molecular Pathology v. Myriad Genetics, Inc.", ,T,569/2,no,no,no,no,no,yes,no,no,yes
55,6/10/13,12-135,Oxford Health Plans LLC v. Sutter, ,EK,569/2,yes,no,no,no,no,no,no,no,no
54,6/10/13,12-62,Peugh v. United States, ,SS,569/2,no,yes,no,yes,no,no,no,no,no
53,6/10/13,12-123,Horne v. Department of Agriculture, ,T,569/2,no,yes,no,yes,no,no,no,no,no
52,6/03/13,12-694,Nevada v. Jackson, ,PC,569/2,no,no,no,no,yes,no,no,no,no
51,6/03/13,11-1221,Hillman v. Maretta, ,SS,569/2,no,no,no,no,yes,no,no,no,no
50,6/03/13,12-207,Maryland v. King, ,K,569/2,no,no,no,no,yes,no,no,no,no
49,5/28/13,11-10189,Trevino v. Thaler, ,B,569/2,no,no,no,no,yes,no,no,no,no
48,5/28/13,12-126,McQuiggin v. Perkins, ,G,569/2,no,no,no,no,yes,no,no,no,no
47,5/20/13,12-236,Sebelius v. Cloer, ,SS,569/1,yes,no,no,yes,no,no,no,no,no
46,5/20/13,12-547,Metrish v. Lancaster, ,G,569/1,no,no,no,yes,no,no,no,no,no
45,5/20/13,12-43,PPL Corp. v. Commissioner, ,T,569/1,no,no,no,yes,no,no,no,no,no
44,5/20/13,11-1545,Arlington v. FCC, ,AS,569/1,yes,no,no,no,no,no,no,no,no
43,5/13/13,11-796,Bowman v. Monsanto Co., ,EK,569/1,yes,no,no,no,no,no,no,no,no
42,5/13/13,11-1518,"Bullock v. BankChampaign, N. A.", ,B,569/1,no,yes,yes,no,no,no,no,no,no
41,5/13/13,12-52,"Dan's City Used Cars, Inc. v. Pelkey", ,G,569/1,no,no,no,no,yes,no,no,no,no
40,4/29/13,11-9953,Boyer v. Louisiana, ,PC,569/1,no,no,no,no,yes,no,no,no,no
39,4/29/13,12-17,McBurney v. Young, ,A,569/1,yes,no,no,no,no,no,no,no,no
38,4/23/13,11-702,Moncrieffe v. Holder, ,SS,569/1,no,yes,no,yes,no,no,no,no,no
37,4/17/13,11-1425,Missouri v. McNeely, ,SS,569/1,no,no,no,no,yes,no,no,no,no
36,4/17/13,10-1491,Kiobel v. Royal Dutch Petroleum Co., ,R,569/1,yes,no,no,no,no,no,no,no,no
35,4/16/13,11-1285,"US Airways, Inc. v. McCutchen", ,EK,569/1,no,yes,yes,no,no,no,no,no,no
34,4/16/13,11-1059,Genesis HealthCare Corp. v. Symczyk, ,T,569/1,no,no,no,yes,no,no,no,no,no
33,4/01/13,12-382,Marshall v. Rodgers, ,PC,569/1,no,no,no,no,yes,no,no,no,no
32,3/27/13,11-10362,Millbrook v. United States, ,T,569/1,no,no,no,no,yes,no,no,no,no
31,3/27/13,11-864,Comcast Corp. v. Behrend, ,AS,569/1,no,no,no,yes,no,no,no,no,no
30,3/26/13,11-564,Florida v. Jardines, ,AS,569/1,no,no,no,no,yes,no,no,no,no
29,3/20/13,12-98,Wos v. E. M. A., ,K,568/2,yes,no,no,no,no,no,no,no,no
28,3/20/13,11-338,Decker v. Northwest Environmental Defense Center, ,K,568/2,no,yes,no,yes,no,no,no,no,no
27,3/19/13,11-1450,Standard Fire Ins. Co. v. Knowles, ,B,568/2,no,no,no,no,yes,no,no,no,no
26,3/19/13,11-697,"Kirtsaeng v. John Wiley & Sons, Inc.", ,B,568/2,no,no,no,no,yes,no,no,no,no
25,3/04/13,11-1351,Levin v. United States, ,G,568/2,yes,yes,no,yes,no,no,no,no,no
24,2/27/13,11-1085,Amgen Inc. v. Connecticut Retirement Plans and Trust Funds, ,G,568/2,no,no,no,no,yes,no,no,no,no
23,2/27/13,11-1274,Gabelli v. SEC, ,R,568/2,no,yes,no,yes,no,no,no,no,no
22,2/26/13,11-1025,Clapper v. Amnesty International USA, ,A,568/2,no,yes,no,yes,no,no,no,no,no
21,2/26/13,11-1175,Marx v. General Revenue Corp., ,T,568/2,yes,no,no,no,no,no,no,no,no
20,2/20/13,11-820,Chaidez v. United States, ,EK,568/2,yes,no,no,no,no,no,no,no,no
19,2/20/13,11-1327,Evans v. Michigan, ,SS,568/2,no,no,no,no,yes,no,no,no,no
18,2/20/13,11-465,Johnson v. Williams, ,A,568/2,no,yes,no,yes,no,no,no,no,no
17,2/20/13,11-9307,Henderson v. United States, ,B,568/2,no,yes,no,yes,no,no,no,no,no
16,2/20/13,11-1118,Gunn v. Minton, ,R,568/2,no,no,no,no,yes,no,no,no,no
15,2/19/13,11-817,Florida v. Harris, ,EK,568/1,no,no,no,no,yes,no,no,no,no
14,2/19/13,11-1160,"FTC v. Phoebe Putney Health System, Inc.", ,SS,568/1,no,yes,no,yes,no,no,no,no,no
13,2/19/13,11-770,Bailey v. United States, ,K,568/1,no,no,no,no,yes,no,no,no,no
12,2/19/13,11-1347,Chafin v. Chafin, ,R,568/1,no,no,no,no,yes,no,no,no,no
11,1/22/13,11-1231,Sebelius v. Auburn Regional Medical Center, ,G,568/1,no,yes,no,yes,no,no,no,no,no
10,1/15/13,11-626,Lozman v. Riviera Beach, ,B,568/1,no,no,no,yes,no,no,no,no,no
9,1/09/13,11-8976,Smith v. United States, ,AS,568/1,yes,yes,no,no,no,no,no,no,no
8,1/09/13,11-982,"Already, LLC v. Nike, Inc.", ,R,568/1,yes,no,no,no,no,no,no,no,no
7,1/08/13,11-460,"Los Angeles County Flood Control Dist. v. Natural Resources Defense Council, Inc.", ,G,568/1,no,yes,no,yes,no,no,no,no,no
6,1/08/13,10-930,Ryan v. Valencia Gonzales, ,T,568/1,no,no,no,no,yes,no,no,no,no
5,12/10/12,11-184,Kloeckner v. Solis, ,EK,568/1,no,yes,no,yes,no,no,no,no,no
4,12/04/12,11-597,Arkansas Game and Fish Comm'n v. United States, ,G,568/1,no,yes,no,yes,no,no,no,no,no
3,11/26/12,11-1377,"Nitro-Lift Technologies, L. L. C. v. Howard", ,PC,568/1,no,no,no,no,yes,no,no,no,no
2,11/13/12,11-192,United States v. Bormes, ,AS,568/1,no,yes,yes,no,no,no,no,no,no
1,11/05/12,12-168,Lefemine v. Wideman, ,PC,568/1,no,no,no,no,yes,no,no,no,no
78,9/25/12,11-1184,Tennant v. Jefferson County, ,PC,567/2,no,no,no,no,yes,no,no,no,no
77,6/28/12,10-708,First American Financial Corp. v. Edwards, ,PC,567/2,no,no,no,no,yes,no,no,no,no
76,6/28/12,11-210,United States v. Alvarez, ,K,567/2,yes,no,no,no,no,no,no,no,no
75,6/28/12,11-393,National Federation of Independent Business v. Sebelius, ,R,567/2,no,no,no,no,no,yes,no,no,yes
74,6/25/12,11-1179,"American Tradition Partnership, Inc. v. Bullock", ,PC,567/2,no,no,no,no,yes,no,no,no,no
73,6/25/12,10-9646,Miller v. Alabama, ,EK,567/2,no,no,no,no,yes,no,no,no,no
72,6/25/12,11-182,Arizona v. United States, ,K,567/2,no,no,no,no,yes,no,no,no,no
71,6/21/12,11-94,Southern Union Co. v. United States, ,SS,567/1,no,yes,no,yes,no,no,no,no,no
70,6/21/12,10-1121,Knox v. Service Employees, ,A,567/1,no,yes,no,yes,no,no,no,no,no
69,6/21/12,11-5683,Dorsey v. United States, ,B,567/1,no,no,no,no,yes,no,no,no,no
68,6/21/12,10-1293,"FCC v. Fox Television Stations, Inc.", ,K,567/1,no,no,no,no,yes,no,no,no,no
67,6/18/12,11-246,Match-E-Be-Nash-She-Wish Band of Pottawatomi Indians v. Patchak, ,EK,567/1,yes,yes,no,yes,no,no,no,no,no
66,6/18/12,11-551,Salazar v. Ramah Navajo Chapter, ,SS,567/1,yes,no,no,no,no,no,no,no,no
65,6/18/12,11-204,Christopher v. SmithKline Beecham Corp., ,A,567/1,yes,no,no,no,no,no,no,no,no
64,6/18/12,10-8505,Williams v. Illinois, ,A,567/1,no,no,no,no,yes,no,no,no,no
63,6/11/12,11-845,Parker v. Matthews, ,PC,567/1,no,no,no,no,yes,no,no,no,no
62,6/11/12,11-45,Elgin v. Department of Treasury, ,T,567/1,yes,no,no,no,no,no,no,no,no
61,6/04/12,11-161,Armour v. Indianapolis, ,B,566/2,no,no,no,no,yes,no,no,no,no
60,6/04/12,11-262,Reichle v. Howards, ,T,566/2,no,yes,no,yes,no,no,no,no,no
59,5/29/12,11-1053,Coleman v. Johnson, ,PC,566/2,no,no,no,no,yes,no,no,no,no
58,5/29/12,11-166,"RadLAX Gateway Hotel, LLC v. Amalgamated Bank", ,AS,566/2,yes,no,no,no,no,no,no,no,no
57,5/24/12,10-1042,"Freeman v. Quicken Loans, Inc.", ,AS,566/2,yes,no,no,no,no,no,no,no,no
56,5/24/12,10-1320,Blueford v. Arkansas, ,R,566/2,no,no,no,no,yes,no,no,no,no
55,5/21/12,10-1542,Holder v. Martinez Gutierrez, ,EK,566/2,no,no,no,no,yes,no,no,no,no
54,5/21/12,10-1472,"Taniguchi v. Kan Pacific Saipan, Ltd.", ,A,566/2,no,yes,yes,no,no,no,no,no,no
53,5/21/12,11-159,Astrue v. Capato, ,G,566/2,yes,yes,no,yes,no,no,no,no,no
52,5/14/12,10-875,Hall v. United States, ,SS,566/2,yes,no,no,no,no,no,no,no,no
51,4/25/12,11-139,"United States v. Home Concrete & Supply, LLC", ,B,566/2,no,no,no,no,yes,no,no,no,no
50,4/24/12,10-9995,Wood v. Milyard, ,G,566/2,no,no,no,no,yes,no,no,no,no
49,4/18/12,11-88,Mohamad v. Palestinian Authority, ,SS,566/2,yes,no,no,no,no,no,no,no,no
48,4/18/12,10-1219,Kappos v. Hyatt, ,T,566/2,yes,yes,yes,no,no,no,no,no,no
47,4/17/12,10-844,"Caraco Pharmaceutical Laboratories, Ltd. v. Novo Nordisk A/S", ,EK,566/1,no,yes,no,yes,no,no,no,no,no
46,4/17/12,10-1018,Filarsky v. Delia, ,R,566/1,no,no,no,yes,no,no,no,no,no
45,4/02/12,11-199,Vasquez v. United States, ,PC,566/1,no,no,no,no,yes,no,no,no,no
44,4/02/12,10-788,Rehberg v. Paulk, ,A,566/1,yes,no,no,yes,no,no,no,no,no
43,4/02/12,10-945,Florence v. Board of Chosen Freeholders of County of Burlington, ,K,566/1,yes,no,no,no,no,no,no,no,no
42,3/28/12,10-1024,FAA v. Cooper, ,A,566/1,no,yes,no,yes,no,no,no,no,no
41,3/28/12,10-1211,Vartelas v. Holder, ,G,566/1,no,yes,no,yes,no,no,no,no,no
40,3/28/12,10-7387,Setser v. United States, ,AS,566/1,yes,no,no,no,no,no,no,no,no
39,3/26/12,10-1261,Credit Suisse Securities (USA) LLC v. Simmonds, ,AS,566/1,no,yes,yes,yes,no,no,no,no,no
38,3/26/12,10-699,Zivotofsky v. Clinton, ,R,566/1,no,no,no,no,yes,no,no,no,no
37,3/21/12,10-209,Lafler v. Cooper, ,K,566/1,no,no,no,no,yes,no,no,no,no
36,3/21/12,10-444,Missouri v. Frye, ,K,566/1,no,no,no,no,yes,no,no,no,no
35,3/21/12,10-1062,Sackett v. EPA, ,AS,566/1,no,yes,no,yes,no,no,no,no,no
34,3/20/12,10-1399,"Roberts v. Sea-Land Services, Inc.", ,SS,566/1,yes,no,no,no,no,no,no,no,no
33,3/20/12,10-1150,"Mayo Collaborative Services v. Prometheus Laboratories, Inc. ", ,B,566/1,no,no,no,yes,no,no,no,no,no
32,3/20/12,10-1016,Coleman v. Court of Appeals of Md., ,K,566/1,yes,no,no,no,no,no,no,no,no
31,3/20/12,10-1001,Martinez v. Ryan, ,K,566/1,no,yes,no,yes,no,no,no,no,no
30,3/05/12,10-1265,Martel v. Clair, ,EK,565/2,no,no,no,no,yes,no,no,no,no
29,2/29/12,10-879,Kurns v. Railroad Friction Products Corp., ,T,565/2,no,no,no,no,yes,no,no,no,no
28,2/22/12,09-958,"Douglas v. Independent Living Center of Southern Cal., Inc.", ,B,565/2,no,no,no,no,yes,no,no,no,no
27,2/22/12,10-218,"PPL Montana, LLC v. Montana", ,K,565/2,no,no,no,no,yes,no,no,no,no
26,2/22/12,10-704,Messerschmidt v. Millender, ,R,565/2,no,no,no,yes,no,no,no,no,no
25,2/21/12,11-391,"Marmet Health Care Center, Inc. v. Brown", ,PC,565/2,no,no,no,no,yes,no,no,no,no
24,2/21/12,11-38,Wetzel v. Lambert, ,PC,565/2,no,no,no,no,yes,no,no,no,no
23,2/21/12,10-680,Howes v. Fields, ,A,565/2,no,no,no,no,yes,no,no,no,no
22,2/21/12,10-577,Kawashima v. Holder, ,T,565/2,no,no,no,no,yes,no,no,no,no
21,1/23/12,11-208,Ryburn v. Huff, ,PC,565/2,no,no,no,no,yes,no,no,no,no
20,1/23/12,10-224,National Meat Assn. v. Harris, ,EK,565/2,no,yes,no,yes,no,no,no,no,no
19,1/23/12,10-6549,Reynolds v. United States, ,B,565/2,no,no,no,no,yes,no,no,no,no
18,1/23/12,10-1259,United States v. Jones, ,AS,565/2,no,no,no,no,yes,no,no,no,no
17,1/20/12,11-713,Perry v. Perez, ,PC,565/2,no,no,no,no,yes,no,no,no,no
16,1/18/12,10-1195,"Mims v. Arrow Financial Services, LLC", ,G,565/2,no,no,no,no,yes,no,no,no,no
15,1/18/12,10-545,Golan v. Holder, ,G,565/2,yes,no,no,no,no,no,no,no,no
14,1/18/12,10-63,Maples v. Thomas, ,G,565/2,no,yes,no,yes,no,no,no,no,no
13,1/11/12,10-8974,Perry v. New Hampshire, ,G,565/1,no,no,no,no,yes,no,no,no,no
12,1/11/12,10-507,"Pacific Operators Offshore, LLP v. Valladolid", ,T,565/1,yes,yes,no,no,no,no,no,no,no
11,1/11/12,10-553,Hosanna-Tabor Evangelical Lutheran Church and School v. EEOC, ,R,565/1,no,no,no,yes,no,no,no,no,no
10,1/10/12,10-895,Gonzalez v. Thaler, ,SS,565/1,yes,no,no,no,no,no,no,no,no
9,1/10/12,10-1104,Minneci v. Pollard, ,B,565/1,no,no,no,yes,no,no,no,no,no
8,1/10/12,10-948,CompuCredit Corp. v. Greenwood, ,AS,565/1,no,no,no,no,yes,no,no,no,no
7,1/10/12,10-8145,Smith v. Cain, ,R,565/1,no,no,no,no,yes,no,no,no,no
6,12/12/11,11-74,Hardy v. Cross, ,PC,565/1,no,no,no,no,yes,no,no,no,no
5,12/12/11,10-694,Judulang v. Holder, ,EK,565/1,no,no,no,yes,no,no,no,no,no
4,11/08/11,10-637,Greene v. Fisher, ,AS,565/1,yes,no,no,no,no,no,no,no,no
3,11/07/11,10-1540,Bobby v. Dixon, ,PC,565/1,no,no,no,no,yes,no,no,no,no
2,11/07/11,10-1521,KPMG LLP v. Cocchi, ,PC,565/1,no,no,no,no,yes,no,no,no,no
1,10/31/11,10-1115,Cavazos v. Smith, ,PC,565/1,no,no,no,no,yes,no,no,no,no
66,6/16/11,09-11328,Davis v. United States, ,A,564/1,no,no,no,no,yes,no,no,no,no
65,6/16/11,09-1227,Bond v. United States, ,K,564/1,no,yes,no,yes,no,no,no,no,no
40,5/02/11,"137, Orig.",Montana v. Wyoming, ,T,563/1,no,no,no,no,yes,no,no,no,no
13,1/13/10,09A648,Hollingsworth v. Perry, ,PC,558/1,no,yes,yes,no,no,no,no,no,no
50,4/29/09,08-5274,Dean v. United States, ,R,556/2,no,yes,yes,yes,no,no,no,no,no
49,4/28/09,07-582,"FCC v. Fox Television Stations, Inc.", ,AS,556/2,no,no,no,no,yes,no,no,no,no
13,12/7/05,04-881,Lockhart v. United States, ,O,546/1,yes,no,no,no,no,no,no,no,no
38,4/04/05,03-9685,Johnson v. United States, ,DS,544/1,no,no,no,yes,no,no,no,no,no
13,1/11/05,03-1293,Whitfield v. United States, ,O,543/1,no,no,no,no,yes,no,no,no,no
